Name,Category,Ratings,Rating counts,Mobile Number,Address,Segment,Website_clean,Website Status
The Mayflower,Restaurant,4.4,3731,9884486959,"17, Kasturi Rangan Rd, Poes Garden, Teynampet, Chennai, Tamil Nadu 600086",Highly Recommended Service,no website,No
Paati Veedu - Fine Dining Pure Veg. Restaurant,Restaurant,4.2,5675,9962577234,"2, Bhagirathi Ammal St, Rama Kamath Puram, T. Nagar, Chennai, Tamil Nadu 600017",Top Rated Service,https://www.paativeedu.com/,Yes
Anjappar Chettinad Restaurant,Restaurant,3.9,6340,9566280602,"CMRL - Corridor 2, near Udhayam Theatre, Ashok Nagar, Chennai, Tamil Nadu 600078",Top Rated Service,https://www.anjappar.com/,Yes
The Flying Elephant,Restaurant,4.4,1728,8939871128,"Lok Bhavan, 39, Velachery Main Rd, near Raj Bhavan, Guindy National Park, Guindy, Chennai, Tamil Nadu 600032",Highly Recommended Service,https://www.hyattrestaurants.com/en/chennai/restaurant/the-flying-elephant,Yes
Paprika,Restaurant,4.2,1985,4466764000,"Courtyard by Marriott, 564, Anna Salai, Teynampet, Thiru Vi Ka Kudiyiruppu, Teynampet, Chennai, Tamil Nadu 600018",Needs Improvement,https://www.marriott.com/hotels/hotel-information/restaurant/maacy-courtyard-chennai/,Yes
grill house Chennai,Restaurant,4.3,2384,9342707303,"19, Dr Thirumoorthy Nagar Main Rd, near GG Hospital, Tirumurthy Nagar, Nungambakkam, Chennai, Tamil Nadu 600034",Needs Improvement,https://grilhouse.petpooja.com/,Yes
Shack Restaurant,Restaurant,4,1940,4426260506,"C 24, 6th St, behind Vishnu Eye Clinic, C Block, Annanagar East, Chennai, Tamil Nadu 600030",Needs Improvement,https://m.facebook.com/shaackrestaurent/,Yes
Madras Spice Restaurant - Egmore,Restaurant,4.5,562,9360931067,"Chinna St, Egmore, Chennai, Tamil Nadu 600008",Highly Recommended Service,https://themadrasgrand.com/restaurant/,Yes
The Patiala House,Restaurant,4.1,3717,4448685117,"Ground Floor, Chetpet, 47/23, Spur Tank road, opp. of Govt. Institute of Thoracic Medicine, Egmore, Chennai, Tamil Nadu 600031",Needs Improvement,no website,No
Six 'O' One,Restaurant,4.8,1885,4442676000,"601, Anna Salai, near US Embassy, Gangai Karai Puram, T. Nagar, Chennai, Tamil Nadu 600006",Highly Recommended Service,http://www.theparkhotels.com/,Yes
Sri Venkateshwara Dal Roti,Restaurant,4,974,9840027322,"No:12 Jawaharlal Nehru Salai Ekkatuthangal, Ambal Nagar, Gandhi Nagar, Chennai, Tamil Nadu 600032",Needs Improvement,no website,No
Zaitoon Signature,Restaurant,4.6,7960,7092322223,"Old No 57, New 15, Valluvar Kottam High Rd, Ponnangipuram, Ambal Nagar, Nungambakkam, Chennai, Tamil Nadu 600034",Top Rated Service,https://thezaitoon.com/,Yes
Hotel Al Buhari Since 1988,Restaurant,2.8,85,8124495555,"20 32A, Arunachalam Rd, Saligramam, Chennai, Tamil Nadu 600026",Needs Improvement,http://albuhari.com/,Yes
Basil With a Twist,Restaurant,4.3,3327,9841085611,"58 A, Habibullah Rd, near Vidyodaya School, Gangai Karai Puram, T. Nagar, Chennai, Tamil Nadu 600017",Needs Improvement,no website,No
The Marina,Restaurant,4.4,3962,9025406913,"39, College Ln, Thousand Lights West, Nungambakkam, Chennai, Tamil Nadu 600006",Highly Recommended Service,http://advantagefoods.in/,Yes
CHENNAI FOOD TOWN,Restaurant,4.2,235,9962212722,"1/2, JN Salai, Poomagal Nagar, Ekkatuthangal, Chennai, Tamil Nadu 600032",Needs Improvement,http://www.chennaifoodtown.com/,Yes
Texas Bar & Kitchen,Restaurant,4.2,160,7338991222,"Porur Sundaram Street, Periyar Rd, T. Nagar, Chennai, Tamil Nadu 600017",Needs Improvement,https://www.zomato.com/chennai/texas-bar-kitchen-t-nagar,Yes
Little Kerala,Restaurant,4.6,161,9884111333,"AG 73, Shanthi Colony, Anna Nagar, Chennai, Tamil Nadu 600040",Highly Recommended Service,no website,No
KFC,Restaurant,4.2,2710,4447709357,"TS 5/3, Vijaya Forum Mall, 183/188, Arcot Rd, Palaniappa Nagar, Vadapalani, Chennai, Tamil Nadu 600026",Needs Improvement,https://restaurants.kfc.co.in/kfc-vadapalani-restaurants-vadapalani-chennai-35100/home?utm_source=locator&utm_medium=googleplaces,Yes
PLUTOS RESTAURANT,Restaurant,4.2,2563,7397341783,"4, khan street, Choolaimedu High Rd, opp. to Mcrennett bakery, Choolaimedu, Chennai, Tamil Nadu 600094",Needs Improvement,https://plutosrestaurant.com/,Yes
Adyar Ananda Bhavan - A2B,Restaurant,3.9,3430,4440902249,"2, Jawaharlal Nehru Salai, Balaji Nagar, Ekkatuthangal, Chennai, Tamil Nadu 600032",Needs Improvement,https://a2b.world/,Yes
Mex It Up - World On A Plate,Restaurant,4.5,608,7338706553,"Mex It Up, 59, KB Dasan Rd, opposite SIET COLLEGE, Seethammal Extension, Teynampet, Chennai, Tamil Nadu 600018",Highly Recommended Service,http://chefkavyaverghese.com/,Yes
SpiceKlub (Chennai),Restaurant,4.2,2214,8056160606,"H M Centre, 29, Nungambakkam High Rd, Tirumurthy Nagar, Nungambakkam, Chennai, Tamil Nadu 600034",Needs Improvement,https://www.spiceklub.com/chennai.html,Yes
North East Kitchen (Specialty Cuisine Restaurant),Restaurant,4.3,1222,9003542066,"24, Wellingdon Estate, 53, Ethiraj Salai, Egmore, Chennai, Tamil Nadu 600008",Needs Improvement,no website,No
Hotel campus Saligramam,Restaurant,3.7,356,8507360360,"Arunachalam Rd, Saligramam, Chennai, Tamil Nadu 600026",Needs Improvement,no website,No
Coal Barbecues,Restaurant,4.2,25488,8448449928,"17, 7th Cross Street, Rajalakshmi Nagar, Velachery, Chennai, Tamil Nadu 600042",Top Rated Service,https://coalbarbecues.com/book-a-table/,Yes
Urban Grill,Restaurant,4.1,434,7299906111,"47/2, opp. to SM Hospital, Kannigapuram, Sector 3, K. K. Nagar, Chennai, Tamil Nadu 600078",Needs Improvement,no website,No
Azzuri Bay,Restaurant,4,3302,8754490250,"13, 1st Cres Park Rd, Gandhi Nagar, Adyar, Chennai, Tamil Nadu 600020",Needs Improvement,no website,No
Go Native Chennai,Restaurant,4.7,911,8951927306,"14, Ananda Rd, Alwarpet, Chennai, Tamil Nadu 600018",Highly Recommended Service,https://www.gonative.in/,Yes
Palm Jumeira Multicuisine Restaurant,Restaurant,4,2171,4449587004,"144, Greams Rd, Thousand Lights West, Thousand Lights, Chennai, Tamil Nadu 600006",Needs Improvement,no website,No
Sangeetha Veg Restaurant,Restaurant,4,11194,4422313207,"65, Anna Salai, Race View Colony, Guindy, Chennai, Tamil Nadu 600032",Top Rated Service,http://www.sangeethaveg.com/,Yes
Sagar Restaurant,Restaurant,4.1,1078,8925185553,"NO.119 , Old No.64 , FIRST FLOOR, Anna Salai, Guindy, Chennai, Tamil Nadu 600032",Needs Improvement,https://www.facebook.com/84sagar,Yes
Palmshore Restaurant Ashok Nagar,Restaurant,4.6,22106,9043602244,"95, Jawaharlal Nehru Salai Jaffarkhanpett, near Kasi Theatre, Ashok Nagar, Chennai, Tamil Nadu 600083",Top Rated Service,https://www.palmshore.in/,Yes
The Brick Oven,Restaurant,4.4,1330,8939836180,"35, Gopathy Narayana Rd, Lakshimi Colony, T. Nagar, Chennai, Tamil Nadu 600017",Highly Recommended Service,https://www.theaccordhotels.com/property/metropolitan-chennai/,Yes
Enoki Pan Asian Story,Restaurant,4.5,545,9344912277,"Fortel, No:3, Gandhi Irwin Rd, Ansari Estate, Egmore, Chennai, Tamil Nadu 600008",Highly Recommended Service,no website,No
Layalee Global Cuisine Restaurant,Restaurant,4.2,5576,7397735555,"12A, Jawaharlal Nehru Salai, near Jaya TV, Thiru Vi Ka Industrial Estate, Ekkatuthangal, Chennai, Tamil Nadu 600032",Top Rated Service,no website,No
Thenmanam Restaurant | Anna Nagar,Restaurant,4.5,7947,9888793337,"Plot 88, 5th Ave, V Block, Anna Nagar, Chennai, Tamil Nadu 600040",Top Rated Service,no website,No
On DE Roof Restaurant (chennai),Restaurant,4.2,3587,7845394944,"3rd floor, 4, AA Block 2nd St, Lapis lagoon, AA Block, Shanthi Colony, Anna Nagar, Chennai, Tamil Nadu 600040",Needs Improvement,http://www.odrrestaurant.com/,Yes
Dindigul Thalappakatti Restaurant,Restaurant,4.2,14066,9600555130,"New No.2, Old No.1 Venu, Subba Reddy St, Ramapuram, Guindy, Chennai, Tamil Nadu 600032",Top Rated Service,http://www.thalappakatti.com/,Yes
"Zaitoon Restaurant, Royapettah",Restaurant,4.6,13819,7299001006,"35, Woods Rd, near Express Avenue Mall, opp. Express Avenue, Express Estate, Royapettah, Chennai, Tamil Nadu 600002",Top Rated Service,https://thezaitoon.com/,Yes
Chaapayil cafe,Restaurant,4.6,108,9789008568,"Dhanakotti Raja St, Ekkatuthangal, Chennai, Tamil Nadu 600032",Highly Recommended Service,no website,No
SALT - INDIAN RESTAURANT,Restaurant,4.2,4175,6383494181,"2nd Floor, Nexus Vijaya Mall, Arcot Road, Vadapalani, Chennai - 600 026, Chennai, Tamil Nadu 600026",Needs Improvement,http://saltrestaurants.in/,Yes
McDonald's,Restaurant,4.3,4851,8928304234,"Forum Mall, No 183, UG 25, Arcot Road, NSK Salai Rd, near Ganga Sweet, Vadapalani, Chennai, Tamil Nadu 600026",Needs Improvement,https://mcdelivery.co.in/restaurants/chennai/270/order-food-online-in-mcdonalds-forumvijayamall-vadapalani,Yes
Broken Bridge Cafe Indian Restaurant,Restaurant,4.6,2549,7550017900,"Somerset Greenways, 94, Sathyadev Ave, MRC Nagar, Raja Annamalaipuram, Chennai, Tamil Nadu 600028",Highly Recommended Service,https://radioroomindia.com/broken-bridge-cafe/,Yes
Cilantro,Restaurant,4.2,89,4422314343,"1, Grand Southern Trunk Rd, Ramapuram, Parangi Malai, Alandur, Chennai, Tamil Nadu 600016",Needs Improvement,http://www.starwoodhotels.com/sheraton/property/dining/index.html?propertyid=321,Yes
Sage & Lavender,Restaurant,4.1,1264,8122106068,"NEW, NO: 279, TTK Rd, next to Old Madras Baking Company, Alwarpet, Chennai, Tamil Nadu 600018",Needs Improvement,https://www.instagram.com/sageandlavenderbistro/,Yes
Nasi and Mee - Nungambakkam,Restaurant,4.4,4283,7550067035,"Khader Nawaz Khan Rd, Thousand Lights West, Nungambakkam, Chennai, Tamil Nadu 600034",Highly Recommended Service,https://www.nasiandmee.co.in/,Yes
Sree Gupta Bhavan - SgB,Restaurant,4.3,2698,7871007300,"Door No 14 , Plot, B140, 10th Ave, Sarvamangala Colony, Ashok Nagar, Chennai, Tamil Nadu 600083",Needs Improvement,http://www.sreeguptabhavan.com/,Yes
Hamsa,Restaurant,4.2,4550,8072968980,"flat 3a, New #40, Old #71-A, B Ramachandra Adithanar Road, 79, B Ramachandra Adithanar Rd, Gandhi Nagar, Adyar, Chennai, Tamil Nadu 600020",Needs Improvement,http://hamsarestaurant.in/,Yes
Daalchini,Restaurant,3.9,4167,9710232313,"No.13, Jawaharlal Nehru Salai, opposite to Hyundai Car Showroom, Ambal Nagar, Ekkatuthangal, Chennai, Tamil Nadu 600032",Needs Improvement,https://www.daalchini.in/,Yes
Kolkata Biryani House,Restaurant,3.2,31,9818135696,"STREET, Poonamalle Rd, Balaji Nagar, Ekkatuthangal, Chennai, Tamil Nadu 600032",Needs Improvement,no website,No
Pumpkin Tales Restaurant - Alwarpet,Restaurant,4.6,6640,9952996446,"First Floor, 37, Bheemanna Garden St, Sriram Colony, Alwarpet, Chennai, Tamil Nadu 600018",Top Rated Service,http://www.pumpkintales.com/,Yes
Delhi Highway Restaurant Nungambakkam,Restaurant,4.7,3818,9344671030,"No.3, New No.7, Old, Jaganathan Rd, Ponnangipuram, Tirumurthy Nagar, Nungambakkam, Chennai, Tamil Nadu 600034",Highly Recommended Service,no website,No
Avartana,Restaurant,4.7,3993,4422200000,"ITC Grand Chola, Little Mount, Guindy, Chennai, Tamil Nadu 600032",Highly Recommended Service,https://www.itchotels.in/hotels/chennai/itcgrandchola/dining/avartana.html,Yes
Pakwan Chennai,Restaurant,4.3,8367,4443370888,"1st Floor, 10, Gopathy Narayana Rd, Parthasarathi Puram, T. Nagar, Chennai, Tamil Nadu 600017",Top Rated Service,https://pakwangroup.com/,Yes
Olive Greenz Multicuisine Restaurant,Restaurant,4.4,258,7871711452,"37/8, Thanikachalam Rd, T. Nagar, Chennai, Tamil Nadu 600017",Highly Recommended Service,https://olivegreenz.com/,Yes
Shri Ganesh Bhavan,Restaurant,3.9,2144,4442632355,"3/1, Pillaiyar Koil 1st St, Ambal Nagar, Ekkatuthangal, Chennai, Tamil Nadu 600032",Needs Improvement,no website,No
Kuuraku Chennai,Restaurant,4.6,1700,7358039450,"GREEN PARK HOTEL, Basement, Vadapalani, Chennai, Tamil Nadu 600026",Highly Recommended Service,https://www.facebook.com/kuuraku-chennai-1779780865596749/,Yes
House of Cheese Restaurant Chennai,Restaurant,4.8,779,9042129703,"Somerset Greenways, Same location where Fromage used to be, 94, Sathyadev Ave, MRC Nagar, Raja Annamalaipuram, Chennai, Tamil Nadu 600028",Highly Recommended Service,https://radioroomindia.com/house-of-cheese/,Yes
Seasonal Tastes,Restaurant,4.1,1312,4466333777,"The Westin, 154, Velachery Main Rd, TN Police Housing Colony, Velachery, Chennai, Tamil Nadu 600042",Needs Improvement,https://www.seasonaltasteschennai.com/,Yes
Hotel Maurya International,Restaurant,3.8,1539,4423650049,"168, 169, Arcot Rd, Ottagapalayam, Somasundara Bharathi Nagar, Vadapalani, Chennai, Tamil Nadu 600026",Needs Improvement,http://www.hotelmauryaintl.com/,Yes
AVK Veettu Saapadu,Restaurant,3.5,1391,4423622306,"15/B, KG Nair Street, Thangal karai, Dhanalakshmi Colony, Vadapalani, Chennai, Tamil Nadu 600026",Needs Improvement,no website,No
Sri Balajee Bhavan,Restaurant,3.8,1107,4442055333,"Arunachalam Rd, Velayutham Colony, Vadapalani, Chennai, Tamil Nadu 600026",Needs Improvement,no website,No
Parambriym,Restaurant,3.9,1963,4426265557,"W Floor, 3rd, 126, 1st Street, Santha Avenue, Anna Nagar, Chennai, Tamil Nadu 600040",Needs Improvement,no website,No
MKC - Madras Kitchen Company,Restaurant,4.2,616,8939892001,"The Westin, 154, Velachery Main Rd, Dhadeswaram Nagar, Velachery, Chennai, Tamil Nadu 600042",Needs Improvement,https://www.marriott.com/hotels/hotel-information/restaurant/maavw-the-westin-chennai-velachery/,Yes
Sigree Annanagar,Restaurant,4,4974,9884423007,"Croma Building, Lot No 473, New Door No.17, 19, 21 old No. AA24, AA 73/5, 2nd Ave, near Roundtana, Annanagar East, Chennai, Tamil Nadu 600040",Needs Improvement,no website,No
Hotel Al Buhari Since 1988,Restaurant,3.7,1516,9841195555,"No: 81, Arcot Rd, Vadapalani, Chennai, Tamil Nadu 600026",Needs Improvement,no website,No
Shawarma Bro,Restaurant,4.2,116,7401333678,"No.17/12B, Ellaithumuthu, Amman Koil St, Vadapalani, Chennai, Tamil Nadu 600026",Needs Improvement,no website,No
Visesham,Restaurant,4.8,943,9176757755,"135, Chamiers Rd, Nandanam Extension, Nandanam, Chennai, Tamil Nadu 600035",Highly Recommended Service,https://visesham.com/,Yes
The Waterfall Restaurant,Restaurant,4.1,10351,4423624488,"18, LV Prasad Rd, Thangal karai, Dhanalakshmi Colony, Vadapalani, Chennai, Tamil Nadu 600026",Top Rated Service,http://www.thewaterfallrestaurant.com/,Yes
Kappa Chakka Kandhari,Restaurant,4.3,6859,4428281010,"10, Haddows Rd, opp. Shastri Bhavan, Thousand Lights West, Nungambakkam, Chennai, Tamil Nadu 600006",Top Rated Service,http://www.kappachakkakandhari.com/,Yes
"Jonah's Bistro, Ramapuram",Restaurant,4.6,676,7845752852,"No.55, 1st Floor, F1, Mount Poonamallee Rd, Manapakkam, Chennai, Tamil Nadu 600089",Highly Recommended Service,https://jonahsbistro.in/store-locator/,Yes
ALOE- A Little of Everything,Restaurant,4.4,663,7825822277,"103, Nungambakkam High Rd, Ponnangipuram, Subba Road Avenue, Nungambakkam, Chennai, Tamil Nadu 600034",Highly Recommended Service,no website,No
Annalakshmi Restaurant,Restaurant,4.5,12356,9408123333,"No 6 Mayor Ramanathan Salai, Spur Tank road, Chennai, Tamil Nadu 600031",Top Rated Service,http://www.annalakshmichennai.com/,Yes
Pizza Hut | Forum Mall Chennai,Restaurant,4.7,1437,18002022022,"Forum Vijaya Mall, 183, No 303A, 3rd, NSK Salai Rd, Vadapalani, Chennai, Tamil Nadu 600026",Highly Recommended Service,https://restaurants.pizzahut.co.in/pizza-hut-vadapalani-pizza-restaurant-vadapalani-chennai-67063/home?utm_source=locator&utm_medium=googleplaces,Yes
Soul Garden Bistro,Restaurant,4.2,2898,4435664362,"86, 59, New Avadi Rd, Thandavaraya, Kilpauk, Chennai, Tamil Nadu 600010",Needs Improvement,no website,No
Palmshore Restaurant Egmore,Restaurant,4.4,12732,9042134100,"99/59, Pantheon Rd, opp. Govt. Museum, Egmore, Chennai, Tamil Nadu 600008",Top Rated Service,https://www.palmshore.in/,Yes
Samco Restaurant Teynampet,Restaurant,4.4,5471,9884239944,"61, KB Dasan Rd, Seethammal Extension, Teynampet, Chennai, Tamil Nadu 600018",Top Rated Service,https://samcorestaurants.com/,Yes
Benjarong - Thai Restaurant,Restaurant,4.4,2141,6374999514,"146, TTK Rd, Cooperative Colony, Sri Ram Nagar, Alwarpet, Chennai, Tamil Nadu 600018",Highly Recommended Service,no website,No
LOCOFEAST - Theme Restaurant,Restaurant,4.1,5791,9384800253,"15A, NO 29, HM CENTER 2nd FLOOR, Nungambakkam High Rd, Chennai, Tamil Nadu 600034",Top Rated Service,https://www.locofeast.com/,Yes
Food Nirvana,Restaurant,4.4,4057,7338746525,"23/11, 2nd Main Rd, Raja Annamalaipuram, Chennai, Tamil Nadu 600028",Highly Recommended Service,no website,No
Heights Rooftop Restaurant,Restaurant,4.5,1976,8939992112,"No.86, Block No.5, Manickam Lane, Anna Salai, Guindy, Chennai, Tamil Nadu 600032",Highly Recommended Service,http://www.klasehotels.com/,Yes
Sangeetha Veg Restaurant,Restaurant,4.1,10612,8370912345,"Jawaharlal Nehru Salai, Janakiraman Colony, Koyambedu, Chennai, Tamil Nadu 600107",Top Rated Service,no website,No
Punjabi Nation,Restaurant,4,3966,9840594433,"No. 15, Grand Southern Trunk Rd, near Hablis Hotel, Ramapuram, Guindy, Chennai, Tamil Nadu 600032",Needs Improvement,no website,No
Vasco's,Restaurant,4.2,1090,9500011940,"124/1, J.N. SALAI, Guindy, Chennai, Tamil Nadu 600032",Needs Improvement,https://www.hilton.com/en/hotels/maahihi-hilton-chennai/dining/,Yes
Haunted Restaurant,Restaurant,4.6,3191,7305371669,"36, 1st Floor, Dr Radha Krishnan Salai, Loganathan Colony, Mylapore, Chennai, Tamil Nadu 600004",Highly Recommended Service,https://www.facebook.com/hauntedrestaurant/,Yes
Sangamithirai - Native Thamizh Cuisine,Restaurant,4.8,183,7358018812,"Feathers Hotels 4, 129, Mount Poonamallee Rd, Manapakkam, Chennai, Tamil Nadu 600089",Highly Recommended Service,https://www.radhahotels.com/feathers-chennai/feathers-dining/,Yes
Colony - The Raintree,Restaurant,4.4,208,4424304050,"THE RAINTREE, 120, St Marys Rd, Austin Nagar, Alwarpet, Chennai, Tamil Nadu 600028",Highly Recommended Service,https://www.raintreehotels.com/the-raintree-st-marys-road/dining.html,Yes
Heaven’s Park Arabian Multi Cuisine Restaurant Chennai,Restaurant,4.5,3630,8870588707,"140, 34, Greams Rd, Thousand Lights West, Thousand Lights, Chennai, Tamil Nadu 600006",Highly Recommended Service,http://www.heavenspark.co.in/,Yes
Hotel Guru Vadapalani,Restaurant,4.2,874,9841811849,"37, 9, Duraiswamy Rd, Dr.Subbaraya Nagar, Vadapalani, Chennai, Tamil Nadu 600026",Needs Improvement,no website,No
Swiss Hutte Restaurant.,Restaurant,4,815,4442074844,"Apollo Hospital, 168, Graemes Lane, opposite Main, Thousand Lights West, Thousand Lights, Chennai, Tamil Nadu 600006",Needs Improvement,no website,No
Truly Herbivore-Ashok Nagar,Restaurant,3.9,939,9445743440,"door no. 7, Old Door no.26, new, 11th Ave, Ashok Nagar, Chennai, Tamil Nadu 600083",Needs Improvement,http://www.trulyherbivore.in/,Yes
Saravana Bhavan - Ashok Pillar,Restaurant,3.5,2759,4424715577,"25, 10th Ave, opp. Bata, Ashok Nagar, Manthope Colony, Ashok Nagar, Chennai, Tamil Nadu 600083",Needs Improvement,https://saravanabhavan.co/,Yes
Meen Satti - Seafood Restaurant (Ekkatuthangal),Restaurant,4.3,2207,9342951596,"7-A, Jawaharlal Nehru Salai, Ambal Nagar, Ekkatuthangal, Chennai, Tamil Nadu 600032",Needs Improvement,no website,No
Royal Indianaa,Restaurant,4.5,1305,8939836187,"35, Gopathy Narayana Rd, Lakshimi Colony, T. Nagar, Chennai, Tamil Nadu 600017",Highly Recommended Service,https://www.theaccordhotels.com/metropolitan-chennai/dining/royal-indianaa,Yes
La Cabana Rooftop Bar & Grill,Restaurant,4.4,3670,9025220014,"125, Valluvar Kottam High Rd, Ponnangipuram, Tirumurthy Nagar, Nungambakkam, Chennai, Tamil Nadu 600034",Highly Recommended Service,http://www.parkelanza.com/,Yes
"Flowerdrum KK Nagar - 100% Vegetarian. Chinese, Thai & Italian",Restaurant,4.3,1515,9500154896,"Ground Flooor, 1063, Munusamy Salai, KK Nagar West, K. K. Nagar, Chennai, Tamil Nadu 600078",Needs Improvement,http://chives.dotpe.in/,Yes
Little North Fine Dining (Veg Only),Restaurant,4.1,2540,9360480294,"472, Kilpauk Garden Road, Aspiran Garden Colony, Kilpauk, Chennai, Tamil Nadu 600010",Needs Improvement,no website,No
The Big Barbeque - Chennai - Little Mount,Restaurant,4.6,14062,7411836984,"30, Anna Salai, Little Mount, Saidapet, Chennai, Tamil Nadu 600015",Top Rated Service,https://thebigbarbeque.com/,Yes
WATERSIDE,Restaurant,4.4,577,18004191419,"Manapakkam, Chennai, Tamil Nadu 600089",Highly Recommended Service,http://www.feathershotels.com/,Yes
Peshawri,Restaurant,4.5,1758,4422200000,"ITC Grand Chola, Little Mount, Guindy, Chennai, Tamil Nadu 600032",Highly Recommended Service,https://www.itchotels.com/in/en/restaurant-listing.html?hotel=itcgrandchola-chennai,Yes
The Belgian Waffle Co,Restaurant,4.4,140,8657871702,"forum vijaya mall, Lower Ground, Vadapalani, Chennai, Tamil Nadu 600026",Highly Recommended Service,https://thebelgianwaffle.co/,Yes
Eating Circles,Restaurant,4.4,6014,4448551117,"64, CP Ramaswamy Iyer Rd, SBI Colony, Abiramapuram, Chennai, Tamil Nadu 600018",Top Rated Service,no website,No
Shalom Biryani And Non Veg Caterers,Restaurant,4.7,207,7305496728,"10/20 Kalaimagal nagar 1st main road Ekkatuthangal, Guindy, Chennai, Tamil Nadu 600032",Highly Recommended Service,no website,No
Sangeetha Veg Restaurant | Nandambakkam,Restaurant,4.1,9257,4422332070,"5/12, Mount Poonamallee Rd, Ramapuram, Nandambakkam, Tamil Nadu 600089",Top Rated Service,http://sangeethaveg.com/,Yes
Davrah Coffee,Cafe,4.3,64,9176465151,"18, 1st Cross Street, TTK Rd, Cooperative Colony, Alwarpet, Chennai, Tamil Nadu 600018",Needs Improvement,http://davrahcoffee.com/,Yes
Chill cafe,Cafe,4.9,118,7010713927,"7, EVP Santhosh Nagar, Ramapuram, Chennai, Tamil Nadu 600089",Highly Recommended Service,https://www.google.com/search?sca_esv=676f1ced3a2b6c57&sxsrf=acqvn08gygzcxk0xkh2zm9tq4wcprklp_w%3a1711878888074&q=chill%20cafe&ludocid=3195985912187888759&ibp=gwp%3b0%2c7&lsig=ab86z5xysgfhhg1zlyq8iz7k1mfs&kgs=23775ae8429d0b03&shndl=-1&shem=lsp&source=sh%2fx%2floc%2fhdr%2fm1%2f2,Yes
Cafe de Paris,Cafe,4.1,2236,9884815553,"24, Cenotaph Rd, Teynampet, garden section, Chennai, Tamil Nadu 600018",Needs Improvement,no website,No
Madras Cafe,Cafe,4.1,1272,4422333131,"227, 137, MKN Rd, Ramapuram, Alandur, Chennai, Tamil Nadu 600016",Needs Improvement,https://cafemadras.org/,Yes
Southwest Coffee Roasters,Cafe,4.6,509,9363935969,"Shop 4,5,6, Emelem Complex, Mahalingapuram, Nungambakkam, Chennai, Tamil Nadu 600034",Highly Recommended Service,no website,No
GLOW CAFE,Cafe,4.3,975,9043943705,"Haddows Road, AJ Block 1st St, Thousand Lights West, Nungambakkam, Chennai, Tamil Nadu 600006",Needs Improvement,https://glowcafe.in/,Yes
Writer's Café,Cafe,4.4,7589,8925844029,"98, Peter's Rd, Gopalapuram, Chennai, Tamil Nadu 600086",Top Rated Service,https://www.advantagefoods.in/,Yes
Cafe Levista,Cafe,4.3,211,9094732577,"2653+5J7, Grand Southern Trunk Rd, Ramapuram, Guindy Industrial Estate, SIDCO Industrial Estate, Guindy, Chennai, Tamil Nadu 600016",Needs Improvement,http://levista.in/,Yes
The South Indian Coffee House,Cafe,4.4,240,9944080792,"41/1, Ground Floor, Aryagowda Rd, West Mambalam, Chennai, Tamil Nadu 600033",Highly Recommended Service,no website,No
MAAZI CAFE,Cafe,4.2,42,7871613371,"157, Water Works Rd, Guindy Industrial Estate, SIDCO Industrial Estate, Guindy, Chennai, Tamil Nadu 600032",Needs Improvement,https://www.instagram.com/new_maazi?igsh=c2k3m3b5cmt5yjqw,Yes
Retro Coffee,Cafe,4.4,231,9843398393,"Ground floor, Grand Arcade, Plot 137, Seetaram Nagar Main Rd, near Grand mall, V.O.C Nagar, Doctor Seetaram Nagar, Velachery, Chennai, Tamil Nadu 600042",Highly Recommended Service,https://www.swiggy.com/menu/788291?source=sharing,Yes
Coffee Shastra - Adyar,Cafe,4.3,957,7305665550,"No. 23, 2nd Ave, Shastri Nagar, Adyar, Chennai, Tamil Nadu 600020",Needs Improvement,https://www.coffeeshastra.com/,Yes
Haini Cafe,Cafe,4.2,88,9600001155,"24-1, Periyar Rd, Darmapuram, T. Nagar, Chennai, Tamil Nadu 600017",Needs Improvement,no website,No
Radio Cafe,Cafe,4.3,1382,9677615328,"1239A, I block, 18th Main Rd, Anbu Colony, Anna Nagar, Chennai, Tamil Nadu 600040",Needs Improvement,no website,No
Coffee? Since 1999,Cafe,4.4,1462,8056402888,"1, Pycrofts Garden Rd, Subba Road Avenue, Thousand Lights, Chennai, Tamil Nadu 600006",Highly Recommended Service,no website,No
Nisha Cafe,Cafe,4.6,44,8754995351,"115/53, Anna Main Rd, Ponnambalam Colony, MGR Nagar, Nesapakkam, Chennai, Tamil Nadu 600078",Highly Recommended Service,no website,No
Cothas Coffee - Cafe Mambalam (Tamilnadu),Cafe,4.1,109,9980529247,"94, 19, Aryagowda Rd, SM Nagar, Vivekanandapuram, West Mambalam, Chennai, Tamil Nadu 600033",Needs Improvement,https://www.cothas.com/,Yes
CakeBee - Coffee & Croissants,Cafe,4.3,1170,9585231113,"Old no.47, New no.50, Seethammal Road, Teynampet, Off, TTK Rd, Alwarpet, Chennai, Tamil Nadu 600018",Needs Improvement,no website,No
Chaapayil cafe,Cafe,4.6,108,9789008568,"Dhanakotti Raja St, Ekkatuthangal, Chennai, Tamil Nadu 600032",Highly Recommended Service,no website,No
Café Manana,Cafe,4.5,1245,7305054611,"38, 21st St, L Block, Annanagar East, Chennai, Tamil Nadu 600102",Highly Recommended Service,no website,No
Third Wave Coffee,Cafe,4.1,93,9980415498,"1st Ave, Indira Nagar, Adyar, Chennai, Tamil Nadu 600020",Needs Improvement,https://stores.thirdwavecoffeeroasters.com/store-pages/third-wave-coffee-adyar-chennai/,Yes
The Bistrograph,Cafe,4.4,1309,7305992096,"No.13, 10th Cross St, Shastri Nagar, Adyar, Chennai, Tamil Nadu 600020",Highly Recommended Service,no website,No
The FlashBack Cafe,Cafe,4.6,336,9940945990,"New No 13, Old No 53 1st Street, Jawaharlal Nehru Salai, near RBL Bank, Sarvamangala Colony, Ashok Nagar, Chennai, Tamil Nadu 600083",Highly Recommended Service,https://www.instagram.com/the_flashback_cafe,Yes
Chaayos cafe at Uptown Kathipara Chennai,Cafe,4.1,85,9035756204,"46A, 46B, St Thomas Mount, Unit no. - Zone, 3B 45B, 47B Kathipara, Guindy, Chennai, Tamil Nadu 600032",Needs Improvement,no website,No
Kosmo cafe,Cafe,4.4,1579,9962303090,"199, TTK Rd, Sriram Colony, Alwarpet, Chennai, Tamil Nadu 600018",Highly Recommended Service,no website,No
"KUP Coffee Roasters, Nungambakkam",Cafe,4.2,503,9176727000,"KUP., 7/2, Pycrofts Garden Rd, Thousand Lights West, Thousand Lights, Chennai, Tamil Nadu 600006",Needs Improvement,https://www.kup.world/,Yes
Chennai Coffee By Vivekananda Coffee,Cafe,4.4,1219,8608739777,"Gopalapuram, Chennai, Tamil Nadu 600086",Highly Recommended Service,no website,No
DAVARA COFFEE,Cafe,4,97,9840819466,"21, Bungalow 1st street, Jawaharlal Nehru Salai, Ekkatuthangal, Chennai, Tamil Nadu 600032",Needs Improvement,http://www.davaracoffee.com/,Yes
Fika,Cafe,4.1,3286,9962200662,"13, Second Main Rd, Gandhi Nagar, Adyar, Chennai, Tamil Nadu 600020",Needs Improvement,https://m.facebook.com/fikachennai19/,Yes
Writer's Café,Cafe,4.3,4419,6374999501,"No. 55/22, Dr, Dr PV Cherian Crecent Salai, Egmore, Chennai, Tamil Nadu 600008",Needs Improvement,no website,No
Third Wave Coffee,Cafe,4.5,336,7349745323,"Zone 3B Uptown@kathipara, Urban Square, No: 41A, 41B, 42A & 42B, Kathipara, Guindy, St.Thomas Mount, Chennai, Tamil Nadu 600016",Highly Recommended Service,https://stores.thirdwavecoffeeroasters.com/store-pages/third-wave-coffee-kathipara-chennai/,Yes
Devi cafe,Cafe,4.3,12,7092622759,"2, Bharathi Salai, Andavar Nagar, Ramapuram, Chennai, Tamil Nadu 600087",Needs Improvement,no website,No
Cozy Club Cafe,Cafe,4.7,15,9363499529,"92/A1, PV Rajamannar Salai, KK Nagar West, K. K. Nagar, Chennai, Tamil Nadu 600078",Highly Recommended Service,no website,No
Writer's Café,Cafe,4.2,1361,8925844026,"49/22, 3rd Main Rd, Kasturba Nagar, Adyar, Chennai, Tamil Nadu 600020",Needs Improvement,http://writers.advantagefoods.in/,Yes
Cafe Arabica Cafe and Restaurant,Cafe,4.2,1816,9840073713,"4, 3rd Ave, beside Savoury Sea Shell, Block E, Annanagar East, Chennai, Tamil Nadu 600102",Needs Improvement,no website,No
Campus Cafe,Cafe,4,2566,4422579473,"X6RJ+W67, NAC Rd, Indian Institute Of Technology, Chennai, Tamil Nadu 600036",Needs Improvement,https://www.iitm.ac.in/canteens,Yes
TikTalk Cafe,Cafe,4,995,8925803999,"19/2 , 1st Avenue, Jawaharlal Nehru Salai, Ashok Nagar, Chennai, Tamil Nadu 600083",Needs Improvement,http://instagram.com/tiktalkcafe.in,Yes
Modern Coffee,Cafe,4.8,274,4426185207,"1734, 18th Main Rd, Bharathi Nagar, I Block, Anna Nagar, Chennai, Tamil Nadu 600040",Highly Recommended Service,no website,No
Guru's Coffee House,Cafe,4.3,173,9360506823,"44, Balaji Nagar Main Rd, Okkiayam, Lakshmi Nagar, Adambakkam, Chennai, Tamil Nadu 600088",Needs Improvement,no website,No
Chennai coffee house,Cafe,4.9,64,7904898124,"Govindan Rd, Panneerselvam Nagar, West Mambalam, Chennai, Tamil Nadu 600033",Highly Recommended Service,https://www.instagram.com/chennaicoffeehouse?igsh=cmdmzmxsa25xeg5r,Yes
The Lobby Cafe,Cafe,4.2,247,4466778899,"Radha Regent, 171, Jawaharlal Nehru Salai, SAF Games Village, Annai Sathya Nagar, Arumbakkam, Chennai, Tamil Nadu 600106",Needs Improvement,no website,No
Mysore Coffee House,Cafe,4.7,58,9865132365,"10, Kamarajar Salai, Sakthi Nagar, Senthamil Nagar, Ramapuram, Kanchipuram, Chennai, Tamil Nadu 600089",Highly Recommended Service,no website,No
Bask by Coffee?,Cafe,4.4,1631,7397410133,"11/6, Kasturi Rangan Rd, Kasturi Estate, Teynampet, Chennai, Tamil Nadu 600086",Highly Recommended Service,https://instagram.com/bask.bycoffee,Yes
"Delifina - Cafe, Bakery, Deli",Cafe,4.3,421,9786200090,"Ground Floor, 19, Wallace Gdn 3rd St, Thousand Lights West, Nungambakkam, Chennai, Tamil Nadu 600006",Needs Improvement,https://www.instagram.com/delifina_india/,Yes
Museum Cafe,Cafe,4.6,132,9962528101,"1st Floor, 27WH+HXV State Commissionerate for the Differently Abled, Marina Beach Road, behind Avvaiyar Statue, Naddu Kuppam, Triplicane, Chennai, Tamil Nadu 600005",Highly Recommended Service,https://www.instagram.com/museumcafemop/,Yes
Cafe Mercara Express,Cafe,4.3,170,4422200000,"63, Anna Salai, Guindy Institutional Area, Little Mount, Guindy, Chennai, Tamil Nadu 600032",Needs Improvement,https://www.itchotels.com/in/en/itcgrandchola-chennai?utm_source=google&utm_medium=businesslisting&utm_campaign=itc_grand_chola,Yes
Beachville Coffee Roasters,Cafe,4.2,707,9677053244,"99, St Marys Rd, Subbaraya Avenue, Vidhya Thirtha Nagar, Alwarpet, Chennai, Tamil Nadu 600018",Needs Improvement,http://www.beachvillecoffee.com/,Yes
MAD OVER COFFEE,Cafe,4.9,79,9566090711,"Back side of old padmanaba theatre, 10/26, kanchipuram sabapathy st, Kondithope, George Town, Chennai, Tamil Nadu 600001",Highly Recommended Service,no website,No
Est,Cafe,4.2,122,4422255555,"124/1, J.N. SALAI, Guindy, Chennai, Tamil Nadu 600032",Needs Improvement,http://www3.hilton.com/en/hotels/india/hilton-chennai-maahihi/dining/index.html,Yes
FiLLi Cafe,Cafe,4.1,554,9159299699,"Ground Floor, 4th, Shiyam's Brindhavan Avenue, 88, Brindavan St, Sarvamangala Colony, Ramakrishnapuram, Ashok Nagar, Chennai, Tamil Nadu 600083",Needs Improvement,https://www.instagram.com/filli_tn/,Yes
Coffeetales,Cafe,4.2,815,9790750555,"7, 7th West Cross St, Shenoy Nagar West, Bharathi Puram, Annanagar East, Chennai, Tamil Nadu 600030",Needs Improvement,http://www.coffeetales.in/?utm_source=google&utm_medium=wix_google_business_profile&utm_campaign=2260703413946195324,Yes
Writer's Café,Cafe,4.3,1254,4466622371,"3rd Floor, VR Chennai (Mall, Jawaharlal Nehru Salai, Anna Nagar West, Anna Nagar, Chennai, Tamil Nadu 600040",Needs Improvement,http://advantagefoods.in/,Yes
Vijayarams Coffee,Cafe,4.3,1111,4424345222,"New # 37, Old # 17, S Usman Road, T Nagar, T. Nagar, Chennai, Tamil Nadu 600017",Needs Improvement,no website,No
Sandy's Chocolate Laboratory,Cafe,4.2,3054,7825836436,"WALLACE GARDEN, 2 16/1, next to Subway, Thousand Lights West, Nungambakkam, Chennai, Tamil Nadu 600006",Needs Improvement,no website,No
Third Wave Coffee,Cafe,4.2,200,9008497482,"Door No. 20, Old 31, Balfour Road, Kilpauk, Chennai, Tamil Nadu 600010",Needs Improvement,https://stores.thirdwavecoffeeroasters.com/store-pages/third-wave-coffee-kilpauk-chennai/,Yes
The Entrance Cafe,Cafe,4.2,1400,7904686050,"4, 63, Taylors Rd, Kilpauk, Chennai, Tamil Nadu 600010",Needs Improvement,no website,No
Madras Coffee House,Cafe,4,217,9498339135,"ShopNo 6, Magna Square, 97,98, Jawaharlal Nehru Salai, Ashok Nagar, Chennai, Tamil Nadu 600083",Needs Improvement,http://madrascoffeehouse.com/,Yes
12 Ounce Cafe,Cafe,4.8,163,9345277583,"No 1. 34 th Street, 4th Avenue Ashoknagar Exact, opposite to axis bank and Greentrends, Chennai, Tamil Nadu 600083",Highly Recommended Service,no website,No
The Garden Cafe by Harrington Room,Cafe,4.3,295,9566673749,"#1/1/1, 13th avenue, Harrington Rd, Chetpet, Chennai, Tamil Nadu 600031",Needs Improvement,no website,No
Ciclo Café,Cafe,4.5,6569,4442048666,"32, 47, Gandhi Mandapam Rd, Chitra Nagar, Kotturpuram, Chennai, Tamil Nadu 600085",Top Rated Service,no website,No
Aroma coffee,Cafe,4.2,38,4422253766,"H.O. 13, 8, 2nd St, Achuthan Nagar, Ekkatuthangal, Chennai, Tamil Nadu 600032",Needs Improvement,no website,No
Crisp Café,Cafe,4.1,738,4448584013,"25, Kothari Petro Chemicals, 1, Kothari Road, opp. Sterling Club, Nungambakkam, Chennai, Tamil Nadu 600034",Needs Improvement,no website,No
UNWIND (Cafe),Cafe,4.9,142,9363023588,"Shop No G6, PRINCE ARCADE, 22A, Cathedral Rd, Chokkalingam Nagar, Gopalapuram, Chennai, Tamil Nadu 600086",Highly Recommended Service,no website,No
Dabara Coffee ™ - Best Filter Coffee in Chennai | Authentic | Tea | Rose milk | Coffee Shop,Cafe,4.8,66,9677028187,"Shop No:2, 468, Madras Thiruvallur High Rd, Vivek Nagar, West Krishnapuram, Ambattur, Chennai, Tamil Nadu 600053",Highly Recommended Service,https://dabaracoffee.com/,Yes
Tea Villa Cafe,Cafe,4.5,6397,9444056991,"Old no 52/2, New No 40, 2, Thirumalai Pillai Rd, Rama Kamath Puram, T. Nagar, Chennai, Tamil Nadu 600017",Top Rated Service,http://www.teavilla.in/,Yes
KUP Budan House - Alwarpet,Cafe,4.2,411,9787927000,"No 16, No 31, Old, New, 3rd St, Abiramapuram, Chennai, Tamil Nadu 600018",Needs Improvement,https://www.kup.world/,Yes
Cafe Coffeehouse,Cafe,3.9,281,6380138619,"Woods Rd, Express Estate, Royapettah, Chennai, Tamil Nadu 600002",Needs Improvement,no website,No
Jai Cafe (Authentic Hyderabadi Chai & Biryani),Cafe,4.5,568,4435550401,"1, Kilpauk Garden Road, KVN Puram, Shenoy Nagar, Chennai, Tamil Nadu 600010",Highly Recommended Service,no website,No
11 o' Cafe - OMR,Cafe,4.2,976,9952960618,"390, Rajiv Gandhi Salai, opp. to Hotel Turyaa, Kandhanchavadi, Perungudi, Chennai, Tamil Nadu 600041",Needs Improvement,https://bit.ly/3j1thc9,Yes
Ramapuram Cafe,Cafe,4.3,31,8072417610,"1, Sathya Nagar Main Rd, Sathya Nagar, Ramapuram, Chennai, Tamil Nadu 600089",Needs Improvement,no website,No
"Madras Coffee House - Olympia Tech Park, 100 Feet Road, Guindy",Cafe,3.4,9,8122098598,"Plot No: 1, OLYMPIA Tech Park, Jawaharlal Nehru Salai, SIDCO Industrial Estate, Guindy, Chennai, Tamil Nadu 600032",Needs Improvement,https://locate.madrascoffeehouse.com/madras-coffee-house-guindy-chennai/str60/product,Yes
The Board Room,Cafe,4.6,2345,9361051942,"3, Bheema Sena Garden St, Rangaiah Garden, Mylapore, Chennai, Tamil Nadu 600004",Highly Recommended Service,http://www.theboardroomindia.com/,Yes
SOROCO HOUSE,Cafe,4.2,414,9884377632,"23, Wallace Gdn 3rd St, Thousand Lights West, Thousand Lights, Chennai, Tamil Nadu 600006",Needs Improvement,http://www.sorococoffee.com/,Yes
DOU,Cafe,4.4,2043,9940091849,"25, 2nd Cross Street, 11, Cenotaph Rd, Sri Ram Nagar, Alwarpet, Chennai, Tamil Nadu 600018",Highly Recommended Service,no website,No
Grind Coffee House,Cafe,4.3,84,9884413403,"21/77, CP Ramaswamy Iyer Rd, Sriram Colony, Abiramapuram, Chennai, Tamil Nadu 600018",Needs Improvement,no website,No
Cafe fresco,Cafe,4.5,112,9384839096,"1st Floor, 51/35, Gandhi Mandapam Rd, Chitra Nagar, Kotturpuram, Chennai, Tamil Nadu 600085",Highly Recommended Service,no website,No
Café Coffee Day,Cafe,4.3,1670,18001025093,"Delhi Ave, beside DOMS, Indian Institute Of Technology, Chennai, Tamil Nadu 600036",Needs Improvement,https://delhiavenue.cafecoffeeday.com/,Yes
Coffee Shastra - T.Nagar,Cafe,4.4,2355,7358739466,"NEW NO: 15, 35, Bazullah Rd, Rama Kamath Puram, T. Nagar, Chennai, Tamil Nadu 600017",Highly Recommended Service,https://www.coffeeshastra.com/,Yes
Coffee Shastra - West Mambalam,Cafe,4.3,103,9952929113,"70, Aryagowda Rd, Brindavan Extension, West Mambalam, Chennai, Tamil Nadu 600033",Needs Improvement,https://www.coffeeshastra.com/,Yes
Cafe Me Chennai,Cafe,4.4,49,9042888988,"Old No.260, New No.54, Alagirisamy Salai, opp. to PSBB School (Gate 1, Sector 8, K. K. Nagar, Chennai, Tamil Nadu 600078",Highly Recommended Service,https://www.instagram.com/cafemechennai/profilecard/?igsh=ymdkcwtqymewewht,Yes
Backyard,Cafe,4.5,899,7358458117,"53/23, 3rd Main Road, Gandhi Nagar, Adyar, Chennai, Tamil Nadu 600020",Highly Recommended Service,http://www.thebackyardclan.com/,Yes
THE VEE'S CAFE,Cafe,4.2,24,9500057006,"4/6A, Valluvar Salai, Chellammal Nagar, Ramapuram, Chennai, Tamil Nadu 600089",Needs Improvement,http://www.theveescafe.com/,Yes
Double Quotes Coffee Space | KNK Road | DQ COFFEE,Cafe,4.9,197,6379907409,"Shyams Garden, 10, Khader Nawaz Khan Rd, Srirampuram, Thousand Lights West, Nungambakkam, Chennai, Poombukar Nagar, Tamil Nadu 600006",Highly Recommended Service,https://www.instagram.com/dqcoffeespace?igsh=eta4mwnvmxhhdwvz,Yes
Madras Coffee House | Tnagar,Cafe,4.2,1711,9600421414,"10 Rajan St Rama Kamath Puram T.Nagar Rama Kamath Puram T.Nagar Chennai, Tamil Nadu, T Nagar, Chennai, Tamil Nadu 600017",Needs Improvement,http://www.madrascoffeehouse.com/,Yes
Scooby's cafe,Cafe,4.5,128,7358094353,"9, Jaganathan Rd, Ponnangipuram, Tirumurthy Nagar, Nungambakkam, Chennai, Tamil Nadu 600034",Highly Recommended Service,no website,No
Tryst Cafe,Cafe,4.2,1879,9150622287,"359, East Coast Road, Saraswathi Nagar, Neelankarai, Chennai, Tamil Nadu 600115",Needs Improvement,no website,No
Wild Gardencafe,Cafe,4.4,7913,4445991633,"Amethyst, near, White Rd, next to Union Bank, Express Estate, Royapettah, Chennai, Tamil Nadu 600014",Top Rated Service,http://www.amethystchennai.com/wildgarden.html,Yes
Mearth,Cafe,4.2,512,9094949480,"58, 2nd Main Rd, RA Puram, Trustpakkam, Raja Annamalaipuram, Chennai, Tamil Nadu 600028",Needs Improvement,no website,No
Chamiers Cafe,Cafe,4.3,3320,4442030734,"New # 106, Old # 79, Pasumpon Muthuramalinga Thevar Rd, RA Puram, Nandanam, Chennai, Tamil Nadu 600028",Needs Improvement,https://chamierscafe.com/,Yes
Ramani's Coffee | Filter Coffee In Chennai - Spreading Aroma Since 1950,Cafe,4.7,24,7358476112,"1, Karaneeswarar Koil St, opposite to Old Gowri Nivas Hotel, Suriyammapet, Saidapet, Chennai, Tamil Nadu 600015",Highly Recommended Service,https://www.instagram.com/ramaniscoffee/,Yes
The Brew Room,Cafe,4.4,3442,9710947380,"146, Dr Radha Krishnan Salai, Mylapore, Chennai, Tamil Nadu 600004",Highly Recommended Service,no website,No
Sortd Cafe,Cafe,4.6,1082,7200416603,"Old No :14 , New No :27, Sir, CV Raman Rd, Sriram Colony, Alwarpet, Chennai, Tamil Nadu 600018",Highly Recommended Service,http://sortd.cafe/,Yes
CK's Bakery Gopalapuram,Bakery,4.8,965,7338999937,"7/1A, North, Gopalapuram 1st St, Royapettah, Chennai, Tamil Nadu 600086",Highly Recommended Service,https://cksbakery.com/,Yes
Pavin Homemade cakes,Bakery,4.9,96,9841781272,"No 560, Poonamallee High Rd, Amaravathi Nagar, Arumbakkam, Chennai, Tamil Nadu 600106",Highly Recommended Service,https://pavinhomemadecakes.in/,Yes
CVK BAKERY (since 1960),Bakery,4.9,14,9840508688,"Mayor Ramanathan Rd, Signal, Chetpet, Chennai, Tamil Nadu 600031",Highly Recommended Service,no website,No
Anjali Bakery & Sweets,Bakery,3.9,336,9941251219,"4, Periyar Pathai, Bharatheswarar Colony, Choolaimedu, Chennai, Tamil Nadu 600094",Needs Improvement,no website,No
The D’OH Co.,Bakery,4.7,40,9150127297,"3rd Main Road, 31/16, Anna Salai, CIT Nagar West, CIT Nagar, Chennai, Tamil Nadu 600035",Highly Recommended Service,no website,No
Sanjay'Zdelight (HOME BAKING),Bakery,5,11,9442398598,"Sankareswarar Nagar, Virugambakkam, Chennai, Tamil Nadu 600092",Highly Recommended Service,https://youtube.com/channel/ucabmccwmyeczwagyhvkrsuq,Yes
Cresfry Bakers,Bakery,4.9,163,9840440008,"101/20, First Floor, Flat, 4, Ellaiamman Kovil St, West Mambalam, Chennai, Tamil Nadu 600033",Highly Recommended Service,https://www.instagram.com/cresfrybakers,Yes
Bakers Bell,Bakery,4.2,180,8056032938,"26/12, 10th Ave, Sarvamangala Colony, Indira Colony, Ashok Nagar, Chennai, Tamil Nadu 600083",Needs Improvement,no website,No
Ranjani Sweets And Bakery,Bakery,4.1,57,9840017126,"58, 2, Anna Main Rd, Ponnambalam Colony, MGR Nagar, Nesapakkam, Chennai, Tamil Nadu 600078",Needs Improvement,no website,No
Ravees Bakery,Bakery,4.5,42,9840452447,"25/44, Madley Rd, T Nagar, T. Nagar, Chennai, Tamil Nadu 600017",Highly Recommended Service,no website,No
"Theobroma Bakery and Cake Shop - Kellys, Chennai",Bakery,4.5,469,8182881881,"signal Police Booth, Door No 386, Old No 129, Medavakkam kellys road, Purasaivakkam High Rd, Kellys, Purasaiwakkam, Chennai, Tamil Nadu 600010",Highly Recommended Service,https://order.theobroma.in/store-locator/chennai/theobroma-kellys-chennai,Yes
Grace Cakes & Bakes,Bakery,4.2,753,9176483999,"5/3, Pillayar Koil St, MGR Nagar, KK Nagar West, Nesapakkam, Chennai, Tamil Nadu 600078",Needs Improvement,no website,No
Unibic French Loaf Bakery and Cafe | Cake Shop in K K Nagar,Bakery,4,352,7604915019,"No. 585, 23/587, Alagirisamy Salai, near PSBB school, Sector 4, K. K. Nagar, Chennai, Tamil Nadu 600078",Needs Improvement,no website,No
Chellam Sweets & Bakery,Bakery,3.6,68,9941575995,"Number 63, Old, 37, Sivan Koil St, Muthu Thottam, Kodambakkam, Chennai, Tamil Nadu 600024",Needs Improvement,no website,No
"Theobroma Bakery and Cake Shop - Velachery, Chennai",Bakery,4.7,250,8182881881,"Ground Floor, 26/15, Velachery Bypass Rd, Vijaya Nagar, Velachery, Chennai, Tamil Nadu 600042",Highly Recommended Service,https://order.theobroma.in/store-locator/chennai/theobroma-velachery-chennai,Yes
Truffle Delight (Teynampet) - The best cake shop in Chennai,Bakery,4.8,512,9384875622,"Ground Floor, Velu Military Complex, 131, Eldams Rd, Subbarayan Nagar, Teynampet, Chennai, Tamil Nadu 600018",Highly Recommended Service,no website,No
G.R Sweets & bakery,Bakery,4.3,36,9092852445,"No: 28, 49, Nerkundram Pathai, Dharan Singh Colony, Vadapalani, Chennai, Tamil Nadu 600026",Needs Improvement,no website,No
The Elegant Cakes,Bakery,4.8,177,9384610435,"Sathya Moorthy Nagar, Alaiyamman Koil St, Teynampet, Chennai, Tamil Nadu 600018",Highly Recommended Service,no website,No
FB Cakes & Sweets Anna Nagar,Bakery,4.3,667,7305530555,"116/132 & 114/130, A.G Block 4th Ave, AB Block, Shanthi Colony, Anna Nagar, Chennai, Tamil Nadu 600040",Needs Improvement,http://fbcakes.com/,Yes
French Loaf Bakery and Cake Shop,Bakery,4.1,383,7604915027,"84, Gandhi Nagar 1st Main Rd, opposite to RR Donnelley, Cooperative Colony, Sri Ram Nagar, Raja Annamalaipuram, Chennai, Tamil Nadu 600028",Needs Improvement,https://www.frenchloaf.in/,Yes
Bakery Garden,Bakery,4.6,1292,9677007552,"1 47th Street, 5th Main Rd, Pazhavanthangal, Chennai, Tamil Nadu 600114",Highly Recommended Service,no website,No
Bakery garden,Bakery,4.9,473,8428261234,"Kumaran St, Pazhavanthangal, Chennai, Tamil Nadu 600061",Highly Recommended Service,no website,No
DJ Cakes & Bakery,Bakery,4.5,11,9884294044,"3629+7XX, Dr Ambedkar Rd, Kamaraj Colony, Kodambakkam, Chennai, Tamil Nadu 600024",Highly Recommended Service,no website,No
"Theobroma Bakery and Cake Shop - TTK Road, Alwarpet, Chennai",Bakery,4.4,211,8182881881,"Ground and First Floor, Opoosite to Apollo Pharmacy, Shop no, 6 & 7, TTK Rd, Alwarpet, Chennai, Tamil Nadu 600018",Highly Recommended Service,https://order.theobroma.in/order/theobroma-ttk-road-chennai,Yes
"Theobroma Bakery and Cake Shop - Nungambakkam, Chennai",Bakery,4.1,514,8182881881,"20/2, Uthamar Gandhi Rd, Ponnangipuram, Ambal Nagar, Tirumurthy Nagar, Nungambakkam, Chennai, Tamil Nadu 600034",Needs Improvement,https://order.theobroma.in/order/theobroma-nungambakkam-chennai,Yes
Glen's Bakehouse,Bakery,4.2,2496,7845782150,"AC18, 5th Ave, Block AC, AC Block, Anna Nagar, Chennai, Tamil Nadu 600040",Needs Improvement,https://chennai.glensbakehouse.com/,Yes
VICTORY BAKERY,Bakery,4.4,340,9444084740,"45, Gowdiamutt Rd, Ganapathy Colony, Royapettah, Chennai, Tamil Nadu 600014",Highly Recommended Service,no website,No
CK's Bakery Saidapet,Bakery,4.4,246,7823948877,"No.19/2 No:49, Old, E Jones Rd, near Karaneshwar temple, Karani Garden, Appavu Nagar, Saidapet, Chennai, Tamil Nadu 600015",Highly Recommended Service,no website,No
Bakeville,Bakery,4.7,869,7550274468,"No -21, suprabatha, appart, 4th Main Rd, below Domino's pizza, Nanganallur, Chennai, Tamil Nadu 600061",Highly Recommended Service,https://www.facebook.com/bakevilleindia,Yes
Fresh Baked Goodness,Bakery,4.4,1510,9962104626,"New No: 22, Old No: 40, 3rd St, East Abiramapuram, East Abhiramapuram, Mylapore, Chennai, Tamil Nadu 600004",Highly Recommended Service,http://freshbakedgoodness.com/,Yes
Platestory,Bakery,4.6,441,7358074155,"Ground Floor, A-95, 3rd Cross St, A Block, Annanagar East, Chennai, Tamil Nadu 600030",Highly Recommended Service,http://www.platestory.in/,Yes
Pastry Paradise ( home baking ) Best cakes in chennai,Bakery,5,13,9500070680,"2nd Street, 5, Dr Thirumoorthy Nagar Main Rd, Nungambakkam, Chennai, Tamil Nadu 600034",Highly Recommended Service,no website,No
Pastry Maniaa,Bakery,4.5,254,9840070505,"Halls Rd, Kilpauk Garden Colony, Kilpauk, Chennai, Tamil Nadu 600010",Highly Recommended Service,no website,No
CK's Bakery- K.K Nagar,Bakery,4.7,1895,7338999937,"No.1065, Munusamy Salai, KK Nagar West, K. K. Nagar, Chennai, Tamil Nadu 600078",Highly Recommended Service,http://www.cksbakery.com/,Yes
Chennai Classic Cakes | West Mambalam,Bakery,5,73,9894222732,"14/43, Govindan Rd, Reddi Kuppam, West Mambalam, Chennai, Tamil Nadu 600033",Highly Recommended Service,https://www.chennaiclassiccakes.com/,Yes
Sri L.J. Bakery,Bakery,4,453,9150039650,"42, 91, Bazaar Rd, Madipakkam, Periyapet, Saidapet, Chennai, Tamil Nadu 600015",Needs Improvement,no website,No
Finale - Patisserie and Bake School,Bakery,4.1,103,9363378779,"10, CV Raman Rd, opposite Aarthi Scans and Labs, Natesan Colony, Alwarpet, Chennai, Tamil Nadu 600018",Needs Improvement,no website,No
Maison Indulgence,Bakery,4.2,678,7305992485,"19, Co Operative Colony Rd, Austin Nagar, Alwarpet, Chennai, Tamil Nadu 600018",Needs Improvement,https://www.instagram.com/maisonindulgence/?hl=en,Yes
Lafayette by Mug Cakes,Bakery,4.3,2321,7603981205,"43, Kothari Road, Sterling Rd, Nungambakkam, Chennai, Tamil Nadu 600034",Needs Improvement,http://www.mugcakes.in/,Yes
Bakkings Elite,Bakery,4.3,117,9551909372,"15, Poonamalle Rd, Ambal Nagar, Ekkatuthangal, Chennai, Tamil Nadu 600032",Needs Improvement,http://www.bakkingselite.com/,Yes
Seema's Yummy Cakes & Chocolates,Bakery,4.9,263,9841089033,"Old no.4/1,new, no.5, Ramasamy Naicker Street, Alwarpet, Chennai, Tamil Nadu 600018",Highly Recommended Service,no website,No
Ambrosia,Bakery,4.2,380,4445002099,"11/139, Cenotaph Rd, Rathna Nagar, Teynampet, Chennai, Tamil Nadu 600035",Needs Improvement,no website,No
Wheat Bakes,Bakery,4.8,1492,7904309386,"13/6, Thanikachalam Rd, Pondy Bazaar, Parthasarathi Puram, T. Nagar, Chennai, Tamil Nadu 600017",Highly Recommended Service,http://wheatbakes.com/,Yes
Shree Cakes,Bakery,4.9,55,8939358767,"No. 6/510, Main Rd, NSK Nagar, Arumbakkam, Chennai, Tamil Nadu 600106",Highly Recommended Service,no website,No
CK's Bakery Egmore,Bakery,4.8,197,7338999937,"GROUND FLOOR, NEW NO 35, OLD NO 17, EAST, VR Ramanathan Rd, Egmore, Chennai, Tamil Nadu 600031",Highly Recommended Service,https://www.cksbakery.com/,Yes
Mom's oven - Homemade cakes,Bakery,4.9,248,9940043417,"Sarvamangala Colony, Aruna Colony, Vadapalani, Chennai, Tamil Nadu 600026",Highly Recommended Service,no website,No
The chennai cakery (Magilshe),Bakery,4.9,81,9940427774,"1/2, Janaki Raman St, Muthurangam, West Jafferkhanpet, Chennai, Tamil Nadu 600083",Highly Recommended Service,https://magilshe.com/home,Yes
Prisha's Patisserie,Bakery,4.8,67,8754297315,"R-25/1, 4th Main Rd, 12th St, Anna Nagar, Chennai, Tamil Nadu 600040",Highly Recommended Service,https://www.facebook.com/prishas.patisserie/,Yes
Cakewalk,Bakery,3.8,721,4428252829,"1, Kothari Road, opp. Sterling Club, Nungambakkam, Chennai, Tamil Nadu 600034",Needs Improvement,http://cakewalk.co.in/,Yes
Old Madras Baking Company (Nungabakkam),Bakery,4.4,638,6369799664,"18, Khader Nawaz Khan Rd, Srirampuram, Thousand Lights West, Nungambakkam, Chennai, Poombukar Nagar, Tamil Nadu 600006",Highly Recommended Service,no website,No
Sugar Brush,Bakery,4.6,378,9840459781,"No 1, 34, Nageswara Rd, Tirumurthy Nagar, Nungambakkam, Chennai, Tamil Nadu 600034",Highly Recommended Service,https://sugarbrush.in/,Yes
Nazeema Bakery,Bakery,4.3,160,4422311897,"No. 102, Bazaar Rd, Ramapuram, Parangi Malai, St.Thomas Mount, Tamil Nadu 600016",Needs Improvement,no website,No
Rajan Bakery,Bakery,4,239,4424721138,"26WG+RHX, Viswanathapuram Main Rd, Azeez Nagar, Kodambakkam, Chennai, Tamil Nadu 600024",Needs Improvement,no website,No
Creamycakepops T.Nagar,Bakery,4.9,126,9841076925,"96, Gopathy Narayana Rd, Thirumurthy Nagar, chetty street, T. Nagar, Chennai, Tamil Nadu 600017",Highly Recommended Service,https://www.instagram.com/creamycakepops?igsh=mtv5chq3ddi4mnbqcq==,Yes
SS HOME BAKING(Eggless cakes),Bakery,4.9,47,8610281841,"125, 70Reddi Kuppam, West Mambalam, Chennai, Tamil Nadu 600033",Highly Recommended Service,no website,No
Truffle Delight (Mylapore) - The Best Cake Shop in Chennai,Bakery,4.9,398,9789835622,"Door 40/3B new, 115, Bazaar Rd, Mylapore, Chennai, Tamil Nadu 600004",Highly Recommended Service,no website,No
V2 Cakes and Pastries Home bakery,Bakery,4.9,405,8248588617,"299,TVS Avenue, Anna Nagar West Extension, Anna Nagar, Chennai, Tamil Nadu 600101",Highly Recommended Service,http://v2cakes.in/,Yes
McRennett,Bakery,4.1,777,4445504430,"Ambica Complex, 32, Arcot Rd, United India Colony, Kodambakkam, Chennai, Tamil Nadu 600024",Needs Improvement,no website,No
FB Cakes Ekkaduthangal,Bakery,4,177,7305530555,"30, Jawaharlal Nehru Salai, Achugam Nagar, Ekkatuthangal, Chennai, Tamil Nadu 600032",Needs Improvement,http://fbcakes.com/,Yes
Hew And Frost,Bakery,4.5,26,9363046499,"2, 226, AH Block 2nd St, AH Block, Ishwarya Nagar, Anna Nagar, Chennai, Tamil Nadu 600040",Highly Recommended Service,http://www.instagram.com/hewandfrost,Yes
Dona Cakes World,Bakery,4.6,482,9940589480,"No 86, 1st Floor, Tiny Sector, SIDCO Industrial Estate Ekkaduthangal, near Layalee Global Cuisine Restaurant, Guindy, Chennai, Tamil Nadu 600032",Highly Recommended Service,https://www.cakesworld.in/,Yes
Sprinkles and Sparkles (Home Bakers),Bakery,4.4,152,9884680863,"38, 47th St, Sarvamangala Colony, 9th Ave, Ashok Nagar, Chennai, Tamil Nadu 600083",Highly Recommended Service,no website,No
Old Madras Baking Company (Alwarpet),Bakery,4.4,1233,4442084422,"NEW NO.279, TTK Rd, next to Universal, Sri Ram Nagar, Alwarpet, Chennai, Tamil Nadu 600018",Highly Recommended Service,https://www.ombc.in/,Yes
Eva cakes,Bakery,4.1,46,9840888002,"2692+WFG, Vandikaran St, Balaji Nagar, Ekkatuthangal, Chennai, Tamil Nadu 600032",Needs Improvement,no website,No
New Rekha Sweets,Bakery,4.2,87,9952050262,"New Rekha Sweets And Bakery, West Saidapet, West Jafferkhanpet, Chennai, Tamil Nadu 600083",Needs Improvement,no website,No
Yalu Bakehouse,Bakery,4.9,83,9884278509,"second floor, Landmark -Ramesh service center, 20/7, Kamdar Nagar 3rd St, Anna Nedum Pathai, Veerapandi Nagar, Choolaimedu, Chennai, Tamil Nadu 600094",Highly Recommended Service,https://wa.me/c/919884278509,Yes
Dial4Cake,Bakery,5,221,8072208289,"26/79, Pillaiyar Koil St, near MedPlus Medicals, Ramapuram, Mosque Colony, Maduvinkarai, Guindy, Chennai, Tamil Nadu 600032",Highly Recommended Service,http://www.dial4cakes.com/,Yes
Nooj Sweets and Bakehouse,Bakery,4.8,91,7092010203,"96, Adithanar Rd, Pudupet, Komaleeswaranpet, Egmore, Chennai, Tamil Nadu 600002",Highly Recommended Service,no website,No
The Baker’s Nook,Bakery,4.9,874,9884841414,"W 358, N Main Rd, C-Sector, Anna Nagar West Extension, Chennai, Tamil Nadu 600101",Highly Recommended Service,https://www.instagram.com/the_bakers_nook?igsh=mtr6ndfzmmnxd2s3zg==,Yes
CK's Bakery Valasaravakkam,Bakery,4.8,599,7338999937,"16, Sridevi Garden, Arcot Rd, Valasaravakkam, Chennai, Tamil Nadu 600087",Highly Recommended Service,https://cksbakery.com/,Yes
Crest Patisserie and Cafe,Bakery,4.9,29,7200238791,"46/1, KB Dasan Rd, Teynampet, Chennai, Tamil Nadu 600018",Highly Recommended Service,no website,No
Cake Square St Thomas Mount- Birthday Cake Shop- Wedding Cakes- Bakery,Bakery,4.5,555,9952052333,"No: 5/79, Butt road, Poonamalle high road, road, Parangi Malai, Chennai, Tamil Nadu 600016",Highly Recommended Service,http://cakesquare.com/,Yes
Old Madras Baking Company (Ashok nagar),Bakery,4.2,140,4443081873,"No 44, First Avenue, next to Subway Ashok Nagar, Sector 10, Sector 13, Ashok Nagar, Chennai, Tamil Nadu 600083",Needs Improvement,https://24.ombc.in/ombc,Yes
Cake waves,Bakery,4,4,9789862053,"44, Arunachalam Rd, Shanthi Nagar, Saligramam, Chennai, Tamil Nadu 600093",Needs Improvement,https://cakewaves.in/,Yes
V's Cupcakes,Bakery,4.4,46,9384810049,"PSM Complex, 9/1, Kamarajar Salai, Saradha Nagar, Virugambakkam, Chennai, Tamil Nadu 600092",Highly Recommended Service,no website,No
Madras Cake Studio (Home made),Bakery,4.8,163,8148602926,"No. 23, 15, Jones Ln, Appavu Nagar, Saidapet, Chennai, Tamil Nadu 600015",Highly Recommended Service,http://madrascakestudio.in/,Yes
DJ's Bakery Adambakkam (Chennai),Bakery,4.9,886,7305377978,"95, KAKKAN NAGAR 1ST MAIN ROAD,ALIAS, Shastri Nagar Main Rd, Adambakkam, Chennai, Tamil Nadu 600088",Highly Recommended Service,https://www.djsbakery.in/,Yes
Chocolate Fantasy,Bakery,4.2,257,9840942065,"63, Thirumalai Pillai Rd, opposite to vidyodaya school, Darmapuram, T. Nagar, Chennai, Tamil Nadu 600017",Needs Improvement,no website,No
The Brownie Studio,Bakery,4.4,452,8939621467,"77, Pillaiyar Koil St, Apparao Garden, Aminjikarai, Chennai, Tamil Nadu 600030",Highly Recommended Service,https://thebrowniestudio.com/,Yes
HM Bakers,Bakery,4.9,47,8189878693,"Pari St, Kamarajar Nagar, Avvai Nagar, Choolaimedu, Chennai, Tamil Nadu 600094",Highly Recommended Service,no website,No
FB Cakes & Sweets Saidapet,Bakery,4.2,138,7305530555,"Door no. 36, Ground Floor, Jeenis Rd, Saidapet, Chennai, Tamil Nadu 600015",Needs Improvement,http://www.fbcakes.com/,Yes
Tastry Tales,Bakery,5,134,7540090711,"No 28, Ground Floor, 80th Street, 18th Ave, Ashok Nagar, Chennai, Tamil Nadu 600083",Highly Recommended Service,no website,No
CK's Bakery Perambur,Bakery,4.8,2086,7338999937,"No.B52/59 70ft road, Siva Elango Salai, Periyar Nagar West, Chennai, Tamil Nadu 600082",Highly Recommended Service,https://www.cksbakery.com/,Yes
Chennai Classic Cakes,Bakery,4.9,2350,9600644088,"Number: 340-G/1, Sri Kumaran Complex, 3, Paper Mills Road, opposite Our Lady of Lourdes Shrine, Jagannathan Colony, Perambur, Chennai, Tamil Nadu 600011",Highly Recommended Service,https://www.chennaiclassiccakes.com/,Yes
CakeBee - Coffee & Croissants,Bakery,4.3,1170,9585231113,"Old no.47, New no.50, Seethammal Road, Teynampet, Off, TTK Rd, Alwarpet, Chennai, Tamil Nadu 600018",Needs Improvement,no website,No
HB Cake House,Bakery,4.8,23,9884630174,"Sampangi St, behind Kutty park, Reddi Kuppam, West Mambalam, Chennai, Tamil Nadu 600033",Highly Recommended Service,no website,No
Old Madras Baking Company,Bakery,4.3,570,4448559190,"13/83, 5th St, AD Block, Anna Nagar, Chennai, Tamil Nadu 600040",Needs Improvement,no website,No
"The Baker Ninja - Cake Shop, Alwarpet",Bakery,4.4,246,9952098597,"201, TTK Rd, behind Wildcraft, Seetammal Colony, Seethammal Colony, MIG Colony, Alwarpet, Chennai, Tamil Nadu 600018",Highly Recommended Service,https://thebakerninja.com/celebration-cakes/,Yes
Venice Temptations,Bakery,4.5,91,9363030027,"New No 25, old no. 56,, S W Boag Road, T. Nagar, Chennai, Tamil Nadu 600017",Highly Recommended Service,no website,No
Cake Crust,Bakery,4.6,119,8056011880,"S2, 11/10, 1st Main Rd, Jai Nagar, Arumbakkam, Chennai, Tamil Nadu 600106",Highly Recommended Service,no website,No
The Madras Kneads,Bakery,4.7,960,6383767186,"5th, 1/1, Lake Area, Nungambakkam, Chennai, Tamil Nadu 600034",Highly Recommended Service,https://instagram.com/themadraskneads?igshid=yzayzwrlmzg=,Yes
DOU,Bakery,4.4,2043,9940091849,"25, 2nd Cross Street, 11, Cenotaph Rd, Sri Ram Nagar, Alwarpet, Chennai, Tamil Nadu 600018",Highly Recommended Service,no website,No
Santo Patisserie,Bakery,4.8,84,9514280496,"183/5 P.E.V.R Salai, Poonamallee High Road, 10, Kilpauk, Chennai, Tamil Nadu 600010",Highly Recommended Service,no website,No
Prima's Bakery,Bakery,4.3,769,8939803925,"34-C, 2nd Ave, A E Block, Block AE, Anna Nagar, Chennai, Tamil Nadu 600040",Needs Improvement,no website,No
"Theobroma Bakery and Cake Shop - Guindy, Chennai",Bakery,4,211,8182881881,"14 B & 15A - Zone 1C , Uptown, Kathipara Urban Square, Kathipara Urban square Next To Pizza hut Kathipara Junction, Guindy, near Pizza Hut, Viralur, Chakrapani Colony, Alandur, Chennai, Tamil Nadu 600016",Needs Improvement,https://order.theobroma.in/order/theobroma-guindy-chennai,Yes
Old Madras Baking Company (Adayar),Bakery,4.4,1640,4443210033,"36, 1st Cross St, Kasturba Nagar, Adyar, Chennai, Tamil Nadu 600020",Highly Recommended Service,https://24.ombc.in/ombc,Yes
Cherry's Bakery and Confectionary,Bakery,4.4,32,9841177555,"5, Sivan Koil St, near ponmani maligai, Trustpuram, Kodambakkam, Chennai, Tamil Nadu 600024",Highly Recommended Service,no website,No
Ovn Bakehouse,Bakery,4.7,44,9003105005,"garden section, 24, Cenotaph Rd, beside Cafe De paris, Rathna Nagar, Teynampet, Chennai, Tamil Nadu 600018",Highly Recommended Service,https://airmenus.in/ovnbakehouse/order,Yes
Cakeron Makeron | Bakery | Birthday Cakes in Chennai | Customized Cake | Wedding Cake | Party Orders,Bakery,4.9,194,7358072982,"NO: 47, Velachery Main Rd, Little Mount, Saidapet, Chennai, Tamil Nadu 600015",Highly Recommended Service,no website,No
WINNERS BAKERY (Chennai),Bakery,4.5,1369,9962528110,"15A/9, Corporation Community College, CP Ramaswamy Iyer Rd, Raja Annamalaipuram, Chennai, Tamil Nadu 600018",Highly Recommended Service,https://www.instagram.com/winnersbakery_alwarpet/,Yes
CK's Bakery West Mambalam,Bakery,4.8,499,7338999937,"18, Brindavan St, next to SS Hyderabad Briyani, Gokulam Colony, Ramakrishnapuram, West Mambalam, Chennai, Tamil Nadu 600033",Highly Recommended Service,https://www.cksbakery.com/,Yes
R.S CLOUD KITCHEN,CLOUD KITCHEN,4.8,10,8148352494,"No.23A, 70 Feet Rd, Periyar Nagar West, Perambur, Chennai, Tamil Nadu 600082",Highly Recommended Service,no website,No
Mehu Cloud Kitchen,CLOUD KITCHEN,4.8,452.5,9841491324,"Ward 191, Sai Ganesh Nagar, Pallikaranai, Chennai, Tamil Nadu 600100",Highly Recommended Service,no website,No
Cookr - Chennai,CLOUD KITCHEN,2.9,74,7373073078,"No.59A, Cookr Office 1st Floor,Sannathi Street, Jawaharlal Nehru Salai, Tharamani, Chennai, Tamil Nadu 600113",Needs Improvement,http://www.cookr.in/,Yes
Krish Kitchen (Cloud Kitchen),CLOUD KITCHEN,5,4,9789611244,"No:121, Avadi Rd, Veeraragavapurem, Chennai, Avadi, Tamil Nadu 600077",Highly Recommended Service,http://www.krishkitchen.com/,Yes
papasvillage cloud kitchen,CLOUD KITCHEN,5,3,9597885500,Unknown,Highly Recommended Service,no website,No
The Traditional Foods - Cloud Kitchen,CLOUD KITCHEN,4.9,15,9003033359,"15, 54th St, Ashok Nagar, Chennai, Tamil Nadu 600083",Highly Recommended Service,https://www.youtube.com/watch?v=lp0enw_vfhg&t=19s,Yes
Dark House kitchen (The cloud kitchen),CLOUD KITCHEN,5,5,9514688007,"363, Thangavel Nagar, Burma Colony, Annai Sathya Nagar, West Jafferkhanpet, Chennai, Tamil Nadu 600083",Highly Recommended Service,no website,No
A K CLOUD KITCHEN,CLOUD KITCHEN,5,4,9841555623,"SRI KAVI IDLI KADAI 3 , PRH ROAD , NEW LAKSHMIPURAM, Retteri, Tiruvallur, Tamil Nadu 600099",Highly Recommended Service,no website,No
Kalam Kitchen Equipments HO,CLOUD KITCHEN,4.1,76,8248321081,"No 3273, Phase, 1 / 2, TNHB Rd, Rajammal nagar, TNHB Colony, Annanur, Ayappakkam, Chennai, Tamil Nadu 600077",Needs Improvement,https://kalamkitchenequipments.com/,Yes
"cloud kitchen, porur",CLOUD KITCHEN,4.8,452.5,9840682233,"sheikhmaniyam, Porur, Chennai, Tamil Nadu 600116",Highly Recommended Service,no website,No
App GOOD FOOD - (Home Cooked Food - India),CLOUD KITCHEN,4.8,350,7274857485,"3rd Floor, Shyamala Tower, Regus Shyamala Gardens, 136, Arcot Rd, Saligramam, Chennai, Tamil Nadu 600092",Highly Recommended Service,https://appgoodfood.in/,Yes
Insuvai Delights (Cloud Kitchen),CLOUD KITCHEN,5,9,7702700377,"Industrial Estate, Mogapper Industrial Estate, Mogappair East, Chennai, Tamil Nadu 600037",Highly Recommended Service,no website,No
The Culinary Cure,CLOUD KITCHEN,4.9,31,8825552305,"Signature Villa 1, 764, Nila St, VGP Uthandi Layout, Uthandi, Chennai, Tamil Nadu 600119",Highly Recommended Service,https://www.instagram.com/theculinarycure?igsh=dtazbti5m3a1mhmz,Yes
CLOUD KITCHEN,CLOUD KITCHEN,5,1,8525055550,"E4, Jagannathan Salai, Periyar Nagar West, Perambur, Chennai, Tamil Nadu 600082",Highly Recommended Service,no website,No
Home Kitchen,CLOUD KITCHEN,4.8,452.5,8667538993,"2, Pillaiyar Koil St, Padikuppam Main Rd, Anna Nagar West, Chennai, Tamil Nadu 600040",Highly Recommended Service,no website,No
Grt Cloud Kitchens,CLOUD KITCHEN,4.8,452.5,7338808665,"531, Chennai - Theni Hwy, Kannan Colony, Palavanthangal, Chennai, Tamil Nadu 600016",Highly Recommended Service,https://grtcloudkitchens.com/,Yes
Dough Dough Deli,CLOUD KITCHEN,4.7,29,6379338118,"13/27, Appa Rao Gardens, Kasturi Rangan Rd, behind Mayflower Cafe, Kasturi Estate, Alwarpet, Chennai, Tamil Nadu 600086",Highly Recommended Service,https://airmenus.in/doughdoughdeli/order,Yes
Cloud N Fire (Kitchen setup & Continental food Training service),CLOUD KITCHEN,5,6,9092137684,"6th kannappar Street, Mannivakkam, Chennai, Tamil Nadu 600048",Highly Recommended Service,no website,No
Cookd Ventures Private Limited,CLOUD KITCHEN,4.4,306,9884344221,"New No.111, Old No.141, AWFIS Building, Rajiv Gandhi Salai, Rajiv Gandhi Salai, Kandanchavadi, Chennai, Tamil Nadu 600096",Highly Recommended Service,https://shop.cookdtv.com/,Yes
Platezz Cloud Kitchen,CLOUD KITCHEN,4.4,48,9585799399,"22/62, Police Commissioner Office Rd, Egmore, Chennai, Tamil Nadu 600008",Highly Recommended Service,no website,No
Khamroons Cloud Kitchen,CLOUD KITCHEN,5,1,9176731161,"Tower E-1, Ekanta North Town Estate, 507, Dr. Ambedkar College Rd, opposite Kannigapuram Ground, Binny Garden, Jamalia, Chennai, Tamil Nadu 600012",Highly Recommended Service,no website,No
426 Cloud Kitchen,CLOUD KITCHEN,5,6,7358482666,"Grandium Apartments, 225/3A, Nookampalayam Rd, Nesamani Nagar, Perumbakkam, Chennai, Tamil Nadu 600131",Highly Recommended Service,https://www.426cloudkitchen.com/,Yes
Kappa Chakka Kandhari,CLOUD KITCHEN,4.3,6859,4428281010,"10, Haddows Rd, opp. Shastri Bhavan, Thousand Lights West, Nungambakkam, Chennai, Tamil Nadu 600006",Top Rated Service,http://www.kappachakkakandhari.com/,Yes
Myna Kitchen | Mess & Tiffin Service | Catering Service,CLOUD KITCHEN,4.8,63,7418688269,"97, Industrial Estate Rd, Anand Nagar, MCN Magar, Thoraipakkam, Chennai, Thoraipakkam, Tamil Nadu 600097",Highly Recommended Service,https://www.mynakitchen.in/,Yes
Dream Kitchen Interior,CLOUD KITCHEN,4.9,116,9003127428,"No : 5, Sai Sri Sarvamangala nagar 1St Cross Street Chitlapakkam, Chromepet, Chennai, Tamil Nadu 600064",Highly Recommended Service,https://dreamkitcheninterior.com/,Yes
Rs. A 369 Cloud Kitchen,CLOUD KITCHEN,4.9,8,8925533697,"21,Padmavathi Nagar extension, 6th St, Vinayakapuram, surapet, Chennai, Tamil Nadu 600066",Highly Recommended Service,no website,No
Shalu cloud kitchen - Home made food,CLOUD KITCHEN,5,7,9941194795,"23, 1st Main Rd, Babu Nagar, Medavakkam, Chennai, Tamil Nadu 600100",Highly Recommended Service,no website,No
Aromas Kitchen Rasa Ruchi,CLOUD KITCHEN,4.4,65,8861717839,"1/5, Moorthy Nagar Main Rd, Elango Nagar, Murthy Nagar, Padi, Chennai, Tamil Nadu 600050",Highly Recommended Service,http://www.aromaskitchen.in/,Yes
FOODKART CLOUD KITCHEN,CLOUD KITCHEN,3.9,71,7686864000,"47, Ambedkar Rd, Subramanya Swamy Nagar, Valasaravakkam, Chennai, Tamil Nadu 600087",Needs Improvement,no website,No
KITCHEN & HOME SOLUTIONS | SINCE 2017,CLOUD KITCHEN,4.8,61,8939889967,"Shop No. 7, 1st Floor, Sabari Complex, 24/1, Main Road, Selvi Nagar, Kolathur, Chennai, Tamil Nadu 600099",Highly Recommended Service,http://www.knhs.co.in/,Yes
AASIF CLOUD KITCHEN AND CATERING SERVICE,CLOUD KITCHEN,5,38,9445566576,"Aasif Biriyani Cloud Kitchen And Catering Service, 30/1, Palla St, TVS Nagar, Agraharam, Korattur, Chennai, Puthagaram, Tamil Nadu 600076",Highly Recommended Service,http://www.aasifbiriyani.com/,Yes
SHEf Home Kitchen - Home Cooked Foods - ??? ??? ????????,CLOUD KITCHEN,4.8,21,8754064169,"Saradapuram, Mylapore, Chennai, Tamil Nadu 600004",Highly Recommended Service,no website,No
Ammama's cloud kitchen,CLOUD KITCHEN,3.3,10,7550080102,"8, Anna St, Ranga Colony, Kamarajapuram, Sembakkam, Chennai, Tamil Nadu 600073",Needs Improvement,https://www.instagram.com/ammamas.cloud_kitchen?igsh=edeyyxvqexu0bnlj,Yes
Kaavya Cloud Kitchen,CLOUD KITCHEN,5,2,9363547449,"68, Thiruvalluvar St, Jagadambika Nagar, Padi, Chennai, Tamil Nadu 600050",Highly Recommended Service,http://www.kaavyacloudkitchen.com/,Yes
Conscious Choice Kitchen (C2K),CLOUD KITCHEN,4.7,91,6374887210,"Fist Floor, Galaxy Inside, Plot NO.356/2B, 1st Main Rd, Sivagami Nagar, Medavakkam, Chennai, Tamil Nadu 600100",Highly Recommended Service,http://www.consciouschoicekitchen.com/,Yes
Curried By Chef's Kitchen,CLOUD KITCHEN,4.9,9,8124311114,"12, Reddy St, Saradha Nagar, Virugambakkam, Chennai, Tamil Nadu 600092",Highly Recommended Service,https://chefskitchen.online/,Yes
KDS Home Foods & Services,CLOUD KITCHEN,4.7,62,9841885154,"9, 1st St, Tansi Nagar, Velachery, Chennai, Tamil Nadu 600042",Highly Recommended Service,no website,No
Wheat & Rice Cloud Kitchen,CLOUD KITCHEN,5,3,9941124434,"9/34, Pushpa Nagar, Iyyappanthangal, Chennai, Tamil Nadu 600056",Highly Recommended Service,no website,No
MYLAPORE KITCHENS,CLOUD KITCHEN,4.3,252,8939070211,"5, 10th Cross St, Aishwarya Colony, Indira Nagar, Adyar, Chennai, Tamil Nadu 600020",Needs Improvement,http://www.mylaporekitchens.in/,Yes
NxtDoor (Cloud Kitchen),CLOUD KITCHEN,4.1,176,7549948948,"No 45 , 1st floor, Mookathal St, Perumalpet, Purasaiwakkam, Chennai, Tamil Nadu 600007",Needs Improvement,https://www.zomato.com/chennai/nxtdoor-purasavakkam,Yes
Aditi's Kerala kitchen,CLOUD KITCHEN,4.2,29,8939511606,"66, 13th Cross St, Periyarnagar, Senthil Nagar, Kolathur, Chennai, Tamil Nadu 600099",Needs Improvement,no website,No
SK KITCHEN EXHAUST SYSTEM - HOTEL RESTAURANT CHIMNEY HOOD DUCTING DEALERS MANUFACTURERS CHENNAI,CLOUD KITCHEN,4.7,74,8825468080,"3, 1st Main Rd, Green View Colony, Ambattur Industrial Estate, Chennai, Tamil Nadu 600058",Highly Recommended Service,http://www.skkitchenexhaust.com/,Yes
Zhouyu ECR - A Chinese | Asian Kitchen,CLOUD KITCHEN,4.6,640,7358086446,"110, East Coast Rd, Injambakkam, Chennai, Tamil Nadu 600115",Highly Recommended Service,http://zhouyu.in/,Yes
Koumatha Cloud Home Kitchen & Online & Catering Orders,CLOUD KITCHEN,5,3,9962225337,"No 784 ponniyamman kovil 1st Street, Vengadamangalam Rd, Melakottaiyur, Chennai, Tamil Nadu 600127",Highly Recommended Service,https://koumathakitchen-beep.github.io/koumathacloudkitchen-app/,Yes
CHEF AG 47 CLOUD KITCHEN.,CLOUD KITCHEN,4.6,9,7338784883,"Sundarambal illam, plot no 161, Bajanai Koil St, Padi, Chennai, Tamil Nadu 600050",Highly Recommended Service,no website,No
Sharing Spoon Cloud Kitchen,CLOUD KITCHEN,4.3,7,9790853778,"138, 2, Kundrathur Main Rd, MS Nagar, Poonamallee, Chennai, Tamil Nadu 600125",Needs Improvement,no website,No
The Flame Kitchen,CLOUD KITCHEN,4.5,251,9566618717,"5/357, OMR Service Rd, Nehru Nagar, Thoraipakkam, Tamil Nadu 600097",Highly Recommended Service,http://www.flamekitchenchennai.com/,Yes
Delish Cloud Kitchen,CLOUD KITCHEN,5,1,9381770928,"3rd Cross St, VRS Nagar, Sri Krishna Nagar, Alapakkam, Maduravoyal, Chennai, Tamil Nadu 600116",Highly Recommended Service,no website,No
Cloud Kitchen,CLOUD KITCHEN,4.8,452.5,9791235136,"Sri Balaji Builders, N0.G2, Thirunavukarasu St, Gnanamurthi Nagar, Korattur, Tiruvallur, Chennai, Tamil Nadu 600053",Highly Recommended Service,no website,No
Box O Mania Chennai,CLOUD KITCHEN,5,22,9884691353,"No. 25-27, Aziz Mulk 3rd St., Thousand Lights. Ch, Chennai, Tamil Nadu 600006",Highly Recommended Service,https://boxomania.in/,Yes
Lakshmi Devi cloud Kitchens,CLOUD KITCHEN,4.8,25,6379512834,"No:35 Siva Shakthi Nagar Ex- 2 Rajakilpakkam, chennai 73, Chennai, Tamil Nadu 600073",Highly Recommended Service,no website,No
Horizon inn,Hotel,3.5,452.5,9962927551,"Old No 54/1, New No 45, 1, Raja Muthiah Rd, Periamet, Chennai, Tamil Nadu 600003",Needs Improvement,no website,No
Mount Kailash Suites Saidapet Chennai,Hotel,4.1,452.5,9445080002,"2/1, Abdul Razzak St, 1st St, Saidapet, Chennai, Tamil Nadu 600015",Needs Improvement,http://www.mountkailashsuites.com/,Yes
Hotel Beebiz Guindy,Hotel,4.1,452.5,4422201111,"No: 2, Taluk Office Rd, Little Mount, Guindy, Chennai, Tamil Nadu 600015",Needs Improvement,https://www.beebiz.in.com/,Yes
Peace Inn,Hotel,3.8,452.5,4428580040,"164/60, Big St, Chepauk, Triplicane, Chennai, Tamil Nadu 600005",Needs Improvement,no website,No
Layalee Grande Hotel Chennai,Hotel,4.1,452.5,7397735555,"12A, Jawaharlal Nehru Salai, opp. Jaya TV Office, Thiru Vi Ka Industrial Estate, Ekkatuthangal, Chennai, Tamil Nadu 600032",Needs Improvement,no website,No
Royal Green Accommodation Chennai Airport,Hotel,3.9,452.5,9884840550,"13, Dr Ambedkar Salai, behind Chennai Airport. Land mark: City Union Bank, Nehru Nagar, Pozhichalur, Chennai, Tamil Nadu 600074",Needs Improvement,no website,No
Hotel White Park,Hotel,3.7,452.5,4443235510,"14, Kumarappa St, Periamet, Park Town, Chennai, Tamil Nadu 600003",Needs Improvement,no website,No
Le Grace Annasalai,Hotel,4.7,452.5,9842199440,"570, Anna Salai, opposite AG-DMS, Teynampet, Thiru Vi Ka Kudiyiruppu, Teynampet, Chennai, Tamil Nadu 600018",Highly Recommended Service,no website,No
Stay Court (Business Class Hotel),Hotel,4.8,452.5,9150655565,"Old.No.06, New.No.08, Nabikhan, Shaik Ali Subedar St, Periamet, Park Town, Chennai, Tamil Nadu 600003",Highly Recommended Service,https://www.makemytrip.com/hotels/hotel-details/?hotelid=202206182246416799&_ucurrency=inr&checkin=12312023&checkout=01022024&city=ctmaa&country=in&lat=13.08296&lng=80.27042&locusid=ctmaa&locustype=city&rank=1&regionnearbyexp=3&roomstayqualifier=2e0e&rsc=1e2eundefinede&searchtext=stay%20court%20business%20class%20hotel%2c%20chennai%2c%20tamil%20nadu&tophtlid=202206182246416799&mtkeys=defaultmtkey,Yes
Le Emerald Residency,Hotel,3.4,452.5,9384897939,"No:136, Bharathamadha St, East Tambaram, Tambaram, Chennai, Tamil Nadu 600059",Needs Improvement,https://leemeraldresidency.com/,Yes
S R Residency,Hotel,4.6,452.5,9884180530,"39, 15, Raja Muthiah Rd, Periamet, Park Town, Chennai, Tamil Nadu 600003",Highly Recommended Service,no website,No
Hotel Sand Silver,Hotel,3.3,452.5,4448646212,"52, Raja Muthiah Rd, Periamet, Periyamedu, Park Town, Chennai, Tamil Nadu 600003",Needs Improvement,no website,No
Hotel Greenpark Chennai,Hotel,4.5,452.5,4466515151,"N.S.K. Salai, Arcot Rd, Vadapalani, Chennai, Tamil Nadu 600026",Highly Recommended Service,http://www.hotelgreenpark.com/chennai/,Yes
St.Thomas Inn hotel,Hotel,4.2,452.5,8056270271,"5/69, Butt Ln, Ramapuram, St Thomas Mount, Chennai, St.Thomas Mount, Tamil Nadu 600016",Needs Improvement,no website,No
HOTEL ROYAL PARK - Chennai,Hotel,3.3,452.5,7305949923,"Tamil Nadu Electricity Board Head Office, Link Rd, Anna Salai, Triplicane, Chennai, Tamil Nadu 600002",Needs Improvement,http://www.hotelroyalparkchennai.com/,Yes
Hotel La Castle,Hotel,4.1,452.5,4448520005,"207/A, Jawaharlal nehru rd Opposite CMBT Mofussil Bus Terminus, 207/A, Jawaharlal Nehru Salai, Opposite CMBT Mofussil Bus Terminus, Koyambedu, Chennai, Tamil Nadu 600107",Needs Improvement,no website,No
JJS PARK INN,Hotel,4.4,452.5,9840356098,"NO:29, Sarojini St, T. Nagar, Chennai, Tamil Nadu 600017",Highly Recommended Service,https://www.jjsparkinn.in/,Yes
Xavier Rajan Guest House,Hotel,3.3,452.5,7305899965,"Ghulam Abbas Ali Khan 7Th St, Thousand Lights West, Thousand Lights, Chennai, Tamil Nadu 600006",Needs Improvement,no website,No
Jaag Hotel,Hotel,4.2,452.5,7338998444,"41, Periyar Rd, Porur Sundaram St, T. Nagar, Chennai, Tamil Nadu 600017",Needs Improvement,https://www.jaaghotels.com/,Yes
S Hotels Chennai,Hotel,4.2,452.5,4424315919,"42, Thanikachalam Rd, T. Nagar, Chennai, Tamil Nadu 600017",Needs Improvement,http://www.shotels.in/,Yes
GM Residency,Hotel,3.9,452.5,9994980229,"526, Poonamallee High Rd, Amaravathi Nagar, Arumbakkam, Chennai, Tamil Nadu 600106",Needs Improvement,no website,No
Hotel Mount Manor,Hotel,3.6,452.5,4422329167,"14, Grand Southern Trunk Rd, opp. OTA, Ramapuram, Parangi Malai, Alandur, Chennai, Tamil Nadu 600016",Needs Improvement,http://www.mountmanor.com/,Yes
The Park Avenue Hotel,Hotel,4.5,452.5,7305010423,"nabi khan, Shaik Ali Subedar St, opposite to sheraton grande hotel, Periamet, periyamet, Chennai, Tamil Nadu 600003",Highly Recommended Service,no website,No
Century Courtyard,Hotel,4,452.5,8270777722,"140, opposite Greams Road, Thousand Lights West, Thousand Lights, Sangeetha, Chennai, Tamil Nadu 600006",Needs Improvement,no website,No
Amutham Inn Serviced Apartment in Chennai,Hotel,4.7,452.5,9043336177,"Plot No. 119, 1st Main Rd, VRS Nagar, Sri Krishna Nagar, Alapakkam, Maduravoyal, Chennai, Tamil Nadu 600116",Highly Recommended Service,no website,No
Hyatt Regency Chennai,Hotel,4.4,452.5,4461001234,"365, Anna Salai, Rostrevor Garden, Teynampet, Chennai, Tamil Nadu 600018",Highly Recommended Service,https://www.hyatt.com/hyatt-regency/en-us/chenn-hyatt-regency-chennai?src=corp_lclb_google_seo_chenn&utm_source=google&utm_medium=organic&utm_campaign=lmr,Yes
N.B. Palace,Hotel,3.3,452.5,9790723706,"43/46, Ellis Road, Pachaiyappan Street, Indra Nagar, Ellis Puram, Padupakkam, Triplicane, Chennai, Tamil Nadu 600002",Needs Improvement,no website,No
Hotel Planet Mount,Hotel,3.5,452.5,9952947395,"530/578, Anna Salai, opp. Anna Arivalayam, T.V.K Colony, Teynampet, Chennai, Tamil Nadu 600018",Needs Improvement,no website,No
HOTEL GRAND GAAYATRIS,Hotel,4.4,452.5,9444732974,": 95, Grand Southern Trunk Rd, Sunnambu Colony, Pallavaram, Chennai, Tamil Nadu 600043",Highly Recommended Service,http://hotelgrandgaayatris.com/,Yes
SEA SHELL PARK,Hotel,3.4,452.5,9444221040,"636, Aziz Mulk 5th St, Opposite to US Consulate & Church Park School, Thousand Lights West, Thousand Lights, Chennai, Tamil Nadu 600006",Needs Improvement,no website,No
Hotel Grand Galaxy - T Nagar,Hotel,4.3,452.5,4447457773,"#9, Sivagnanam St, Pondy Bazaar, T. Nagar, Chennai, Tamil Nadu 600017",Needs Improvement,http://www.grandgalaxy.in/,Yes
Dakshin Serviced Apartments,Hotel,3.4,452.5,9500187456,"276 MIG, Bharathi Salai, Nolambur Phase II, Mogappair West, Mogappair, Chennai, Tamil Nadu 600037",Needs Improvement,no website,No
THE K11 HOTELS - CHENNAI,Hotel,4.6,452.5,8110911711,"28, Sarojini St, near Saibaba Temple, T. Nagar, Chennai, Tamil Nadu 600017",Highly Recommended Service,https://www.google.com.pk/travel/hotels/entity/chkij4dr7dks-8zggg0vzy8xmwj6cnbkahi0eae/overview?utm_campaign=sharing&utm_medium=link&utm_source=htls&ts=caeaiaocggasghiucgci6a8qbbgmegci6a8qbbgngaeyahaakgkkbtodsu5sgga,Yes
Liza Regency - Hotel & Restaurant,Hotel,4.2,452.5,6382213007,"37M9+PXR Periamet Mosque Building, 7/4, 7, Vepery High Rd, near JAWAHARLAL NEHRU STADIUM, Periamet, Opp:, Chennai, Tamil Nadu 600003",Needs Improvement,http://www.lizaregency.com/,Yes
EMPIRE INN HOTEL,Hotel,3.9,452.5,9840732306,"NO 525, NEW NO 582, OLD, Anna Salai, T.V.K Colony, Teynampet, Chennai, Tamil Nadu 600018",Needs Improvement,http://www.sreeambikahospitality.com/,Yes
Hotel Adithya,Hotel,3.7,452.5,9176465559,"View Larger Map, 24, Naval Hospital Rd, Periamet, Park Town, Chennai, Tamil Nadu 600003",Needs Improvement,no website,No
KANS ONE - KODAMBAKKAM,Hotel,3.7,452.5,9962032600,"Old no 40 New, 69, Arcot Rd, Kodambakkam, Chennai, Tamil Nadu 600024",Needs Improvement,http://www.hotelkansone.com/,Yes
Hotel Pandian,Hotel,4,452.5,9841421207,"15, Kennet Ln, Egmore, Chennai, Tamil Nadu 600008",Needs Improvement,https://hotelpandian.com/,Yes
Chennai Palace,Hotel,4.6,452.5,8825552348,"52, 1112, Poonamallee High Rd, near Murugan idly shop, Periamet, Park Town, Chennai, Tamil Nadu 600003",Highly Recommended Service,no website,No
Hotel Joyce,Hotel,3.5,452.5,9600068883,"38 & 39, Thiruvengadam St, Periamet, Park Town, Chennai, Tamil Nadu 600003",Needs Improvement,no website,No
THE CHENNAI INN,Hotel,4.3,452.5,9159499333,"1, 200 Feet Radial Rd, near Near latha super bazaar, zamin, Pallavaram, Chennai, Tamil Nadu 600117",Needs Improvement,no website,No
"Trident, Chennai",Hotel,4.5,452.5,4422344747,"1, 24, Grand Southern Trunk Rd, Kannan Colony, Meenambakkam, Chennai, Tamil Nadu 600016",Highly Recommended Service,https://www.tridenthotels.com/hotels-in-chennai?utm_source=gmblisting&utm_medium=organic,Yes
Ganesh Guest House,Hotel,3.3,452.5,7845887229,"19,Opposite Vaishnava College,Very Near To Koyambedu, Poonamallee High Rd, Arumbakkam, Chennai, Tamil Nadu 600106",Needs Improvement,no website,No
The Pride Fort Hotel,Hotel,4.4,452.5,8072547745,"New No. 34, Old # 12, 5th St, Alagiri Nagar, Vadapalani, Chennai, Tamil Nadu 600026",Highly Recommended Service,https://www.thepridefort.com/,Yes
"FabExpress B Zone - Hotel in Nungambakkam, Chennai",Hotel,3.5,452.5,7042424242,"21 New 21 old10, Krishna St, Lake Area, Nungambakkam, Chennai, Tamil Nadu 600034",Needs Improvement,https://www.fabhotels.com/hotels-in-chennai/fabexpress-b-zone.html?utm_source=gmb&utm_medium=organic&utm_campaign=gmb_traffic,Yes
Sarovar Inn,Hotel,3.7,452.5,8667822058,"166, 1/2, Wall Tax Rd, Periamet, Jutkapuram, Chennai, Tamil Nadu 600003",Needs Improvement,no website,No
Hotel AKMG Towers - Chennai,Hotel,4.3,452.5,9092095353,"7, 11, Stringer St, Edapalaiyam, Park Town, Chennai, Tamil Nadu 600003",Needs Improvement,https://www.hotelakmgtowers.com/,Yes
Hotel New Regency,Hotel,3.5,452.5,4428582210,"2, CN Krishna Swamy Salai, Chepauk, Triplicane, Chennai, Tamil Nadu 600005",Needs Improvement,https://www.booking.com/hotel/in/new-regency.en-gb.html,Yes
Central Saphire Residency,Hotel,3.1,452.5,4442624700,"Old no 26, new no 4, kovelong muthugramani street, Periamet, Park Town, Chennai, Tamil Nadu 600003",Needs Improvement,no website,No
Rathna Residency,Hotel,4.6,452.5,9095834000,"2,3, Old No, Near US Consulate, New No 3,9/1, 578, Mayor Sundar Rao Rd, West, Teynampet, Chennai, Tamil Nadu 600006",Highly Recommended Service,https://hotelrathnaresidency.com/,Yes
Sheraton Grande near Puratchi Thalaivar Dr MGR Central Railway Station at periamet,Hotel,4.8,452.5,9677165873,"1/1, Shaik Ali Subedar St, near Nehru Indoor Stadium, Periamet, Nabhikhan, Park Town, Chennai, Tamil Nadu 600003",Highly Recommended Service,https://www.makemytrip.com/hotels/hotel-details/?hotelid=202207012316507224&_ucurrency=inr&checkin=10272023&checkout=10282023&city=ctmaa&country=in&lat=13.08393&lng=80.26991&locusid=ctmaa&locustype=city&rank=1&reference=hotel&rf=directsearch&roomstayqualifier=2e0e&rsc=1e2e0e&searchtext=sheraton%20grande%20hotel%20-%20business%20class%20hotel&tophtlid=202207012316507224&type=hotel&mtkeys=defaultmtkey,Yes
K11 Express - Opp Express Avenue,Hotel,4.5,452.5,9585911711,"168, Bharathi Salai, Padupakkam, Royapettah, Chennai, Tamil Nadu 600014",Highly Recommended Service,no website,No
Raj Park Hotel Chennai,Hotel,4,452.5,4442257777,"180, TTK Rd, Parthasarathypuram, Alwarpet, Chennai, Tamil Nadu 600018",Needs Improvement,https://www.rajpark.com/alwarpet-chennai-hotel/,Yes
Pine Tree Boutique Hotel - Near US Consulate & Apollo Hospital,Hotel,3.8,452.5,9789943444,"58/ aziz mulk 2nd street, Greams Rd, near US consulate Biometric & Apollo Hospital, Thousand Lights West, Chennai, Tamil Nadu 600006",Needs Improvement,https://www.pinetreehotels.com/,Yes
UPAR Hotels T Nagar,Hotel,4.5,452.5,7824824969,"13, Gopalakrishna St, T. Nagar, Chennai, Tamil Nadu 600017",Highly Recommended Service,https://uparhotels.com/hotel/upar-hotels-t-nagar,Yes
"Taj Coromandel, Chennai",Hotel,4.6,452.5,4466002827,"37, Uthamar Gandhi Rd, near Makkal TV Office, Nungambakkam, Chennai, Tamil Nadu 600034",Highly Recommended Service,https://www.tajhotels.com/en-in/hotels/taj-coromandel-chennai?utm_source=google&utm_medium=local&utm_campaign=taj-coromandel-chennai,Yes
Hotel Thaj Regency,Hotel,2.9,452.5,4443558963,"300, Triplicane High Rd, Padupakkam, Triplicane, Chennai, Tamil Nadu 600005",Needs Improvement,no website,No
The Hydel Park (Business Class Hotel) Chennai,Hotel,4.7,452.5,9176903442,"12, VV Koil St, Periamet, Park Town, Chennai, Tamil Nadu 600003",Highly Recommended Service,https://www.makemytrip.com/hotels/hotel-details/?hotelid=201809251717468804&_ucurrency=inr&checkin=10262023&checkout=10282023&city=ctmaa&country=in&lat=13.0822&lng=80.27045&locusid=ctmaa&locustype=city&rank=1&regionnearbyexp=3&roomstayqualifier=2e0e&rsc=1e2e0e&searchtext=the%20hydel%20park%20business%20class%20hotel%2c%20chennai%2c%20tamil%20nadu&tophtlid=201809251717468804&mtkeys=defaultmtkey,Yes
Hablis - A Business Hotel In Chennal,Hotel,4.2,452.5,4440235555,"19, Grand Southern Trunk Rd, Ramapuram, Guindy, Chennai, Tamil Nadu 600032",Needs Improvement,https://www.hablis.com/,Yes
Royal Palace Hotel Marina Chennai,Hotel,3.6,452.5,9380506126,"NO 1, Tassuddin khan street, near Adam Market, Police Quarters, Triplicane, Chennai, Tamil Nadu 600005",Needs Improvement,http://www.royalpalacemarina.com/,Yes
Hotel Gmt Grand Park,Hotel,3.4,452.5,9566299766,"196, Jawaharlal Nehru Salai, opposite SAF Games Village, near cmbt metro station, Annai Sathya Nagar, Koyambedu, Chennai, Tamil Nadu 600106",Needs Improvement,no website,No
Grand Chennai by GRT Hotels,Hotel,4.5,452.5,8069250505,"120, Sir Thyagaraya Rd, Drivers Colony, T. Nagar, Chennai, Tamil Nadu 600017",Highly Recommended Service,https://www.grthotels.com/grand-chennai/,Yes
Hotel NK Grand Park,Hotel,3.9,452.5,7092049999,"8, 8, Acharya Tulsi Rd, Cantonment, Pallavaram, Chennai, Tamil Nadu 600043",Needs Improvement,http://www.grandparknk.com/,Yes
"Park Avenue Hotel, Chennai",Hotel,4,452.5,4428275555,"No. 67, 84, Nungambakkam High Road, Block Z, Tirumurthy Nagar, Nungambakkam, Chennai, Tamil Nadu 600034",Needs Improvement,http://www.parkavenuehotel.in/,Yes
Al Noor Palace,Hotel,4.2,452.5,7338944222,"No:88/152 Big Street, Triplicane Near Old Hindu Higher Secondary School, next to TNSC Bank, Chennai, Tamil Nadu 600005",Needs Improvement,https://alnoorpalace.in/,Yes
GT Residency T Nagar,Hotel,4.1,452.5,9176241455,"10/16, Maharajapuram Santhanam Salai, T. Nagar, Chennai, Tamil Nadu 600017",Needs Improvement,https://www.greenhotelgroups.com/gt_residency/index.html,Yes
Rohaan Inns by UPAR Hotels Ashok Nagar,Hotel,4.5,452.5,7824824969,"C-505, Block, 57, 47th St, Sarvamangala Colony, Manthope Colony, Ashok Nagar, Chennai, Tamil Nadu 600083",Highly Recommended Service,https://uparhotels.com/hotel/upar-hotels-ashok-nagar,Yes
Lush Garden Resort,Hotel,4,452.5,6369424583,"ECR, East Coast Rd, Thiruvidanthai, Tamil Nadu 603112",Needs Improvement,https://www.lushgardenresort.in/,Yes
Starlight Hotels DLF,Hotel,4.4,452.5,8189995111,"Yashika Building, 70/1, Manapakkam Main Rd, Ramapuram, Parthasarathy Nagar, Ramapuram, Manapakkam, Chennai, Tamil Nadu 600125",Highly Recommended Service,no website,No
KGL Grand Hotel,Hotel,4.4,452.5,7358258988,"273, National Highway 205, Madras Thiruvallur High Rd, Periyar Nagar, Padi, Chennai, Tamil Nadu 600050",Highly Recommended Service,no website,No
Nile Guest House,Hotel,3.9,452.5,4428556111,"337, Triplicane High Rd, near Adam Market, Indra Nagar, Padupakkam, Triplicane, Chennai, Tamil Nadu 600005",Needs Improvement,no website,No
Metro Grand Hotel,Hotel,3.4,452.5,9003233133,"540, Poonamallee High Rd, near Prime Indian Hospital, SVP Nagar, Amaravathi Nagar, Arumbakkam, Chennai, Tamil Nadu 600106",Needs Improvement,http://www.metrograndhotel.in/,Yes
GRAND ONE TOWER,Hotel,4.5,452.5,7305950244,"3-2, Wallace Gdn 3rd St, Thousand Lights West, Thousand Lights, Chennai, Tamil Nadu 600006",Highly Recommended Service,https://grandonetowerhotels.com/,Yes
Hotel Greens Gate,Hotel,3.8,452.5,9176903441,"12, Metro Entrance, 13, VV Koil St, adjacent to Ripon Building, Periamet, Park Town, Chennai, Tamil Nadu 600003",Needs Improvement,https://hotelgreensgate.com/,Yes
SKB Hotel Grand Days,Hotel,4.3,452.5,9962172192,"31/13, Thiruvengadam St, Periamet, Park Town, Chennai, Tamil Nadu 600003",Needs Improvement,https://skbhotelgrandays-lab.github.io/skbhotelgrandays/,Yes
Kuber Inn Elite,Hotel,3.8,452.5,4445585060,"5, Burkit Rd, Asoka Nagar, T. Nagar, Chennai, Tamil Nadu 600017",Needs Improvement,https://www.kuberinn.com/,Yes
Sun City Chennai,Hotel,3.6,452.5,9176071285,"16/1, Bommu chetty street, Edapalaiyam, George Town, Chennai, Tamil Nadu 600003",Needs Improvement,no website,No
Grand Elegant,Hotel,4.3,452.5,4448608333,"21, VV Koil St, opp. Ripon Building, Periamet, Park Town, Chennai, Tamil Nadu 600003",Needs Improvement,https://grandeleganthotels.com/,Yes
Urvashi Residency - T.Nagar,Hotel,3.9,452.5,4428161111,"32, Raja Badar St, Pondy Bazaar, T. Nagar, Chennai, Tamil Nadu 600017",Needs Improvement,https://www.urvashiresidency.in/,Yes
The Social Hub,Hotel,4.8,452.5,7397260932,"2/23, Chinnaya St, Satyamurthy Nagar, T. Nagar, Chennai, Tamil Nadu 600017",Highly Recommended Service,no website,No
Park Elanza,Hotel,4.2,452.5,4428265555,"125, Valluvar Kottam High Rd, Ponnangipuram, Tirumurthy Nagar, Nungambakkam, Chennai, Tamil Nadu 600034",Needs Improvement,http://www.parkelanza.com/,Yes
Hilton Chennai,Hotel,4.4,452.5,4430855555,"124, 1, Jawaharlal Nehru Salai, Poomagal Nagar, Guindy, Chennai, Tamil Nadu 600032",Highly Recommended Service,https://www.hilton.com/en/hotels/maahihi-hilton-chennai/?seo_id=gmb-apac-hi-maahihi,Yes
Grand Cascade Hotels,Hotel,3.8,452.5,4443100038,"27/28, V.V. Kovil street Opp. Ripon building 03, Behind S.R Guest House, Periamet, Chennai, Tamil Nadu 600003",Needs Improvement,http://grandcascadehotels.com/,Yes
Metro Park,Hotel,3.6,452.5,4443857198,"61/8, Karumari Amman Koil St, Thirunagar, Bhakthavathchalam Colony, Vadapalani, Chennai, Tamil Nadu 600026",Needs Improvement,no website,No
The Sheltor,Hotel,4.6,452.5,7305488716,"54 , Padi Kuppam Road, Sri Balaji Nagar, Anna Nagar West, Chennai — 600 040, Chennai, Tamil Nadu 600107",Highly Recommended Service,https://www.booking.com/share-ozxll3j,Yes
Hotel Shriram,Hotel,3.5,452.5,9962041314,"23, Thiruvengadam St, Periamet, Park Town, Chennai, Tamil Nadu 600003",Needs Improvement,http://www.hotelshriram.in/,Yes
Eldoris Hotels Resorts,Hotel,3.8,452.5,9500168885,"No. 35, Kaveri Nagar Near Bella Ciao Waterland Drive Thiruvanmiyur, Kottivakkam, Chennai, Tamil Nadu 600041",Needs Improvement,no website,No
Ramada Plaza by Wyndham Chennai,Hotel,4.4,452.5,4445653333,"36, Sardar Patel Rd, near Ashok Leyland, Venkta Puram, Guindy, Chennai, Tamil Nadu 600015",Highly Recommended Service,https://www.wyndhamhotels.com/ramada/chennai-india/ramada-plaza-chennai/overview?cid=lc:wmcic5n98gs1g0r:51188&iata=00093796,Yes
GT Empire Hotel,Hotel,4.5,452.5,7027027730,"No 3/81, Valluvar Salai, Ramapuram, Nesapakkam, Chennai, Tamil Nadu 600089",Highly Recommended Service,https://www.greenhotelgroups.com/gt_empire/index.html,Yes
Ginger Chennai (Vadapalani),Hotel,4.1,452.5,4466666333,"Smart Towers, Jawaharlal Nehru Salai, near Yaa Mohaideen Biryani, Thiru Nagar Colony, NGO Colony, Vadapalani, Chennai, Tamil Nadu 600026",Needs Improvement,https://www.gingerhotels.com/hotels/ginger-chennai-vadapalani?utm_source=google&utm_medium=hotelgmb&utm_campaign=chennaivadapalani_gmb,Yes
"Hotel White Mount, Rama Pillai Street, Periyamet, Chennai, Tamil Nadu",Hotel,3.7,452.5,7010437787,"5, Rama Pillai St, near ??????, Periamet, Park Town, Chennai, Tamil Nadu 600003",Needs Improvement,no website,No
The Leela Palace Chennai - Seaside Modern Palace Hotel,Hotel,4.6,452.5,4466651234,"Adyar Sea Face, Leela Palace Rd, MRC Nagar, Raja Annamalaipuram, Chennai, Tamil Nadu 600028",Highly Recommended Service,https://www.theleela.com/the-leela-palace-chennai/?utm_source=gmblisting&utm_medium=organic,Yes
"Thangam Balaji Guest House-Near US Consulate , Appollo cancer Hospital,Teynampet",Hotel,3.9,452.5,4424312387,": 407, Anna Salai, near Kalaignar Tv, Subbarayan Nagar, Teynampet, Chennai, Tamil Nadu 600018",Needs Improvement,no website,No
Hotel Raaj Grand,Hotel,3.3,452.5,9585044450,"7, Jawaharlal Nehru Salai, Kalaimagal Nagar, Ekkatuthangal, Chennai, Tamil Nadu 600032",Needs Improvement,no website,No
GMT TOWER GUEST HOUSE,Hotel,3.2,452.5,9884399766,"27, Mem Hall Rd, opposite GH HOSPITAL, Rattan Bazaar, Park Town, Chennai, Tamil Nadu 600003",Needs Improvement,no website,No
Hotel Srm Central Park,Hotel,3.7,452.5,8939999045,"No15, Kumarappa St, Periamet, Park Town, Chennai, Tamil Nadu 600003",Needs Improvement,https://www.oyorooms.com/39982,Yes
